id ;código;nombre;categoría;subcategoría;variante;origen;trazabilidad;formato;peso_aprox;descripción;imagen;destacado
;15983117;NO QUIERO PEDIDO CARNE;;;;;;;;;;
;16902348;NO TENGO ARTIC.PARA DEVOLUCION;;;;;;;;;;
;22516371;FILETE TIERNO TERNERA GALLEGA;;;;;;;;;;
;22516397;FILETE EXTRA TERNERA GALLEGA;;;;;;;;;;
;22516405;PICAÑA TERNERA GALLEGA;;;;;;;;;;
;22516462;SOLOMILLO TERNERA GALLEGA;;;;;;;;;;
;22516520;SOLOMILLO VACIO TERNERA GALLEGA;;;;;;;;;;
;23398811;TERNERA ESCALOPIN 90GR/55UDS/C5K;;;;;;;;;;
;23398829;TERN FILETE BABILLA 160-200GR/30;;;;;;;;;;
;23398860;VACUNO DESHILACHADO;;;;;;;;;;
;23398910;1/2 LOMO (BAJO S/SOLOMILLO) T.G.;;;;;;;;;;
;23418783;CROCA TERNERA 12 MESES;;;;;;;;;;
;24030967;1/2 CANAL TERNERA VACIO;;;;;;;;;;
;90074303;CROCA TERNERA 12 MESES CONG C/20;;;;;;;;;;
;90076025;(V) TERN FILETE 1ª 120 GRS C/5KG;;;;;;;;;;
;90077072;(V) FILETE BABILLA 130-150GR/36U;;;;;;;;;;
;90079024;(V) TERN FILETE BABILLA 150-170G;;;;;;;;;;
;90081538;(V) FILETE TAPA 130-150GR/36UDS/;;;;;;;;;;
;90083003;(V) FILETE TAPA 160-200GR/30UDS/;;;;;;;;;;
;22516785;ENTRECOT AGUJA TERNERA GALLEGA;;;;;;;;;;
;22516868;CHULETA TERNERA GALLEGA;;;;;;;;;;
;23398886;TERN ENTRECOT LOMO BAJO 180-200G;;;;;;;;;;
;23419104;ENTRECOT BAJO TER 12 MESES;;;;;;;;;;
;26147900;LOMO ALTO C/H TERNERA CONG C/2KG;;;;;;;;;;
;26147918;LOMO BAJO S/H TERNERA CONG C/16K;;;;;;;;;;
;21730551;RABOS SALADOS GRANEL FAMILIA;;;;;;;;;;
;21735857;AGUJA TERN S/H 12 MESES;;;;;;;;;;
;21735865;MAGRO DE VACA EXTRA R1;;;;;;;;;;
;21735873;BABILLA TERNERA 12 MESES;;;;;;;;;;
;21735881;CONTRA TERNERA 12 MESES;;;;;;;;;;
;21735907;LOMO VACA C/ SOLOM +30K A;;;;;;;;;;
;21735915;TAPA TERNERA 12 MESES.;;;;;;;;;;
;21735964;MORCILLO DELANTERO TERNERA 12;;;;;;;;;;
;21735972;REDONDO TERN 12 MESES SKR;;;;;;;;;;
;21735980;LLANA TERN 12 MESES (CAÑON);;;;;;;;;;
;21736210;CADERA TERNERA GALLEGA;;;;;;;;;;
;21736400;REDONDO DE TERNERA GALLEGA VACIO;;;;;;;;;;
;21736434;CENTRO ESPALDILLA 12 MESES SKR;;;;;;;;;;
;21736442;ESPALDA TERNERA 12 MESES;;;;;;;;;;
;21736467;LLANA DE TERNERA GALLEGA VACIO;;;;;;;;;;
;21736483;AGUJA C/H TERNERA 12 MESES;;;;;;;;;;
;22516942;ESTOFADO TERNERA GALLEGA;;;;;;;;;;
;22517049;ASAR-GUISAR TERNERA GALLEGA;;;;;;;;;;
;22517098;CHURRASCO TERNERA GALLEGA;;;;;;;;;;
;23398902;TERN FILETE TAPA 160-200GR/30UDS;;;;;;;;;;
;23419047;TERNERA RABO CORTADO C/5 KGS;;;;;;;;;;
;23419112;TERNERA MORCILLO TROZOS C/5KG;;;;;;;;;;
;23419120;FALDA ENTERA O CALDEIRO;;;;;;;;;;
;23419724;(V) LENGUA VACUNO CONG;;;;;;;;;;
;90062238;CENTRO DE FALDA T.G. VACIO;;;;;;;;;;
;90066371;AGUJA S/HUESO TERN R.;;;;;;;;;;
;90075141;ESTOFADO DE AGUJA DE CERDO 2X2 C;;;;;;;;;;
;90084001;TERNERA MORCILLO ENTERO C/5KGS;;;;;;;;;;
;22370977;CADERA AÑOJO SIN RABILLO C/22K;;;;;;;;;;
;24172751;CONTRA AÑOJO S/PICAÑA EL POZO 8,;;;;;;;;;;
;24452690;LLANA AÑOJO ANGUS VACIO C/3;;;;;;;;;;
;25647801;PICANHA ANGUS VACIO C/6 VERGARA;;;;;;;;;;
;25647827;PRESA ANGUS VACIO C/3 VERGARA;;;;;;;;;;
;23154057;ENTRECOT ANGUS VACIO;;;;;;;;;;
;23154081;COTE DE BOEUF ANGUS;;;;;;;;;;
;14202543;ESTOFADO VACUNO;;;;;;;;;;
;23398944;RABO DE VACA CONGELADO;;;;;;;;;;
;10907467;CHULETA VACA ENVASADA VACIO;;;;;;;;;;
;12201430;SOLOMILLO VACA TROZO VACIO;;;;;;;;;;
;21726591;(V) SOLOMILLO VACA CONG 2,5 KG;;;;;;;;;;
;21726609;ENTRECOT VACA LOMO BAJO 1/2 PIEZA;;;;;;;;;;
;21726740;LOMO VACA C/ SOLOM +30K A;;;;;;;;;;
;21726757;ENTRECOT VACA LOMO BAJO +8KGS;;;;;;;;;;
;23121270;ENTRECOT VACA LB SELEC, KG;;;;;;;;;;
;23121585;MEDALLON SOLOMILLO VACA SELEC;;;;;;;;;;
;23121593;PUNTAS SOLOMILLO VACA SELEC;;;;;;;;;;
;23398951;RABO CORTADO C;;;;;;;;;;
;23398969;CHULETA AL CORTE DE VACA IMPORTA;;;;;;;;;;
;90051936;CHULETERO VACA HALAL;;;;;;;;;;
;90074292;LOMO BAJO CONG 4PZ C/20KG;;;;;;;;;;
;90094953;CHULETAS VACA KG.;;;;;;;;;;
;03310653;ESTOMAGO TERNERA;;;;;;;;;;
;12999173;PATAS TERNERA;;;;;;;;;;
;20262895;HIGADO FILETEADO DE TERNERA;;;;;;;;;;
;20263158;HIGADO TROCEADO DE TERNERA;;;;;;;;;;
;21726880;PECHO TG;;;;;;;;;;
;21727318;RABO DE TERNERA CONG C/13KG;;;;;;;;;;
;21727425;ENTRAÑA VACA HOSTELERIA .;;;;;;;;;;
;23399389;CALLOS MIXTOS DE TERNERA (PATA Y;;;;;;;;;;
;23399405;HUESOS DE TERNERA;;;;;;;;;;
;90019356;(V) LENGUA TERNERA CONG;;;;;;;;;;
;06833388;LOMO EN TROZO VACIO 6/1200G;;;;;;;;;;
;15116510;FILETE DE LOMO;;;;;;;;;;
;15116536;FILETE LOMO FAMILIAR;;;;;;;;;;
;15124126;BABILLA DE CERDO;;;;;;;;;;
;19219831;ESCALOPIN LOMO 6/300GR EL POZO;;;;;;;;;;
;23399736;TINGA DE POLLO;;;;;;;;;;
;23419153;LOMO FRESCO FILETE 60 GRS;;;;;;;;;;
;23419161;FILETE CINTA LOMO 90GR, BOLSA, 3;;;;;;;;;;
;24361651;CINTA LOMO TROZO VACIO C/8;;;;;;;;;;
;24944266;TACOS CINTA LOMO TIERNO BJA 8/50;;;;;;;;;;
;25020652;FILETE LOMO DUROC COREN BJA 330G(7 filetes de 42,85Gr);;;;;;;;;;
;90066686;(V) CERDO FILETE CINTA 70-90GR/6;;;;;;;;;;
;90068008;(V) CERDO LOMO FILETE 35-40/CAJA;;;;;;;;;;
;09702234;CHULETA AGUJA CERDO CE 4/1000G;;;;;;;;;;
;15115462;CHULETA DE LOMO;;;;;;;;;;
;15116437;CHULETA DE LOMO FAMILIAR;;;;;;;;;;
;15116486;CHULETA DE AGUJA FAMILIAR;;;;;;;;;;
;23419211;(V) CERDO CHULETA AGUJA 130-150G;;;;;;;;;;
;25020660;CHULETA LOMO DUROC COREN BJA 348;;;;;;;;;;
;90001423;CHULETA PORCIONADA CERDO C;;;;;;;;;;
;12255097;SOLOMILLO ENV VACIO UNIDAD PVP 2;;;;;;;;;;
;20317392;SOLOMILLO CERDO VACIO C/12K;;;;;;;;;;
;20329447;SOLOMILLO EXTRATIERNO VACIO C/6;;;;;;;;;;
;25020645;SOLOM. CERDO VAC.DUROC COREN C/6;;;;;;;;;;
;06833438;COSTILLA VACIO            (U);;;;;;;;;;
;11225224;TIRA COSTILLA ENVASAD AL VACIO;;;;;;;;;;
;21193677;COSTILLA CERDO MEDIA VACIO K;;;;;;;;;;
;23692098;TIRA COSTILLA FLOWPACK C/6;;;;;;;;;;
;23692106;COSTILLA PLANCHA FLOWPACK C/6;;;;;;;;;;
;12297180;CODILLO DE JAMON DE CERDO;;;;;;;;;;
;15999394;CODILLO CERDO FRESCO C/5KG;;;;;;;;;;
;20152070;CODILLO CERDO ENTERO CONGELADO C;;;;;;;;;;
;20316634;MAZA JAMON CERDO VACIO C/2;;;3,90 €;7%;04/08/2026;10/08/2026;Excel;;;
;20317061;CODILLO CERDO VACIO C/12K;;;;;;;;;;
;20317269;JAMON C/H CERDO VACIO C/2;;;;;;;;;;
;23419179;CERDO FILETE AGUJA 50-70G/45UD/C;;;;;;;;;;
;24943862;PALETA EN MITADES FLOWPACKG C/2;;;;;;;;;;
;24944274;PALETA EN DADOS 20X20 C/9KG;;;;;;;;;;
;25020694;FILETE AGUJA DUROC COREN BJA 280;;;;;;;;;;
;15116833;ESTOFADO;;;;;;;;;;
;15124134;PALETA DE CERDO PARTE ESCAPULA;;;;;;;;;;
;21193552;PALETA CERDO C/H C/P VACIO K;;;3,12 €;9%;06/08/2026;12/08/2026;Excel;;;
;21193636;MAZA PALETA S/H C/P VACIO K;;;;;;;;;;
;21193701;CODILLO CERDO ABIERTO VACIO K;;;;;;;;;;
;12297057;FILETES DE PANCETA SIN HUESO;;;;;;;;;;
;15116957;PANCETA;;;;;;;;;;
;20317616;SECRETO CERDO VACIO GRASO;;;;;;;;;;
;20329470;SECRETO EXTRATIERNO VACIO C/4;;;;;;;;;;
;25020629;SECRETO CERD.VAC.DUROC COREN C/3;;;;;;;;;;
;25263575;PRESA DE CERDO DUROC COREN 1K;;;;;;;;;;
;00100222;RIÑONES                 (KGR);;;;;;;;;;
;12297206;CARRILLERA DE CERDO;;;;;;;;;;
;23399447;(V) CERDO HUESOS JAMON SERRANO C;;;;;;;;;;
;24943805;CARRILLERAS S/HUESO MIXTAS C/6;;;;;;;;;;
;08479180;LOMO ADOBADO TROZO C/6;;;;;;;;;;
;10866416;LOMO ADOBADO EXTRA 500GR ( 12 filetes por bandeja);;;;;;;;;;
;14085807;LOMO ADOBADO EXTRAFINO 300 GR(10 Filetes de 30 gramos por bandeja);;;;;;;;;;
;14857064;LOMO EXTRA AJILLO FILETEADO;;;;;;;;;;
;19219849;ESCALOPIN LOMO ADOB.EXTRAT ELPOZ;;;;;;;;;;
;10903326;FILETE DE LOMO IBERICO SELEQTIA;;;;;;;;;;
;03317385;SECRETO DE CERDO IBERICO;;;;;;;;;;
;03317401;TIRA COSTILLA CERDO IBERICO SELE;;;;;;;;;;
;03682465;PRESA LOMO FILETEADA IBERICA SEL;;;;;;;;;;
;25412776;SECRETO IBERICO EXTRA C/4;;;;;;;;;;
;25948274;CHULETAS CORDERO CONGEL. 5/600GR;;;;;;;;;;
;90095006;(V) CORD NACIONAL PIERNA ENTERA;;;;;;;;;;
;90007206;FALDA CORDERO CONGELADA BOLSA 4U;;;;;;;;;;
;90008304;CALDERETA CORDERO CONGELADO;;;;;;;;;;
;17552415;MEDIO CORDERO LECHAL VACIO;;;;;;;;;;
;21342522;PIERNA LECHAL COLEAR;;;;;;;;;;
;21342902;PALETILLA LECHAL COLEAR;;;;;;;;;;
;21584115;PALETILLA LECHAL CONGELADA 24UN;;;;;;;;;;
;21584131;CARRE LECHAL CONGELADO 10UN C/15;;;;;;;;;;
;23399678;FALDA DE CORDERO DESP.;;;;;;;;;;
;04910212;MOLLEJAS CORDERO;;;;;;;;;;
;05130950;CORDERO MANITAS PARTIDAS;;;;;;;;;;
;18961300;BURGER MEAT VACUNO BASIC 1 KG;;;;;;;;;;
;24054298;BURGUER MEAT CERDO O CAUREL C/3;;;;;;;;;;
;24099806;BURGUER MEAT VACUNO O CAUREL C/3;;;10,14 €;17%;30/07/2026;12/08/2026;Excel;;;
;24100232;BURGUER MEAT VACUNO O CAUREL 400gr;;;;;;;;;;
;23399462;"(V) CHULETA DE CERDO ""TONKATSU""";;;;;;;;;;
;23636426;BURGUER MEAT CERDO CAUREL C/6 400;;;;;;;;;;
;13163142;BURGER MEAT CARNE PICADA POLLO;;;;;;;;;;
;19941384;PICADA POLLO PARA EMPANADA 2/2 K;;;;;;;;;;
;18960674;BURGER MEAT MIXTA BASIC 1 KG;;;;;;;;;;
;23079759;BURGER MEAT CERDO VACUNO C/6UD 4;;;;;;;;;;
;23636418;BURGUER MEAT CER/VAC.CAUREL C/3;;;5,19 €;15%;06/08/2026;12/08/2026;Excel;;;
;02689800;PINCHOS MORUNOS COREN BJA 4/400G;;;;;;;;;;
;24996332;BROCHETA PAVO MARINADA COREN 360;;;;;;;;;;
;25964313;BROCHETAS DE POLLO CONG C/10KG;;;;;;;;;;
;26236943;MINI BROCHETA G.GOURMET 420G;;;;;;;;;;
;26236950;MINI PINCHO GRANJ.GOURMET 300G;;;;;;;;;;
;25964453;TIRAS POLLO BRASE CONGELADA C/10;;;;;;;;;;
;25964503;"ALITAS ASADAS ""ROASTED"" C/5KG";;;;;;;;;;
;02649929;LONGANIZA FR.BLANCA BJA CAUREL C;;;;;;;;;;
;11325958;LONGANIZA FRES.ROJA BJA CAUREL C;;;;;;;;;;
;21603543;SALCHICHA CERDO SELECTA 350G;;;;;;;;;;
;03189669;MORCILLA ARROZ MAYTE C/12U;;;;;;;;;;
;09473588;MORCILLA GALLEGA HERCULES;;;;;;;;;;
;02649952;CRIOLLO BNDJA O`CAUREL C/6U 500G;;;;;;;;;;
;11325990;CHORIZO CASERO BJA O CAUREL 4/42;;;;;;;;;;
;11326006;CHORIZO AL VINO O CAUREL BJA C/4;;;;;;;;;;
;12451944;CHORIZO CASERO MALLA O'CAUREL 500GR;;;;;;;;;;
;13368915;CHORIZO BARBACOA BJA O CAUREL C/;;;;;;;;;;
;18850982;CHOR.CRIOLLO BAR.CAUREL 3/800GR;;;;;;;;;;
;19642909;ZORZA PICAD.CHORIZO TORRENUÑEZ C;;;;;;;;;;
;21728761;MINI CRIOLLO HOST SERVIHOSTEL;;;;;;;;;;
;21728787;CRIOLLO HOST SERVIHOSTEL;;;;;;;;;;
;21728795;CHORIZO PINCHO HOST SERVIHOSTEL;;;9,46 €;21%;30/07/2026;12/08/2026;Excel;;;
;21728803;CHORIZO BARBACOA HOST SERVIHOSTE;;;;;;;;;;
;21728811;CARNE CHORIZO FRESCO SERVIHOSTEL;;;4,16 €;21%;30/07/2026;12/08/2026;Excel;;;
;21766530;CRIOLLO PARRILLADAS GR;;;;;;;;;;
;23419195;POLLO ASADOR C12;;;;;;;;;;
;24258832;CHORIZO CASERO DULCE O CAUREL C/;;;;;;;;;;
;24258857;CHORIZO CASERO PICANTE CAUREL C/;;;;;;;;;;
;25674227;BRASAS IBÉRICAS VACIO C/8;;;;;;;;;;
;25674243;CHORIZO IBERICO BLANCO VACIO C/8;;;;;;;;;;
;26236935;CHORIZ.CRIOLLO POLLO G.GOURMET;;;;;;;;;;
;15531874;BURGER MEAT FIL.RUSO O'CAUREL ( En Bandeja de 4 unidades de 85Gr);;;;;;;;;;
;24977159;SOLOMILLO POLLO EMPANADO 4/415GR;;;;;;;;;;
;24977183;CROQUETAS JAMÓN IBERICO 6/360GR;;;;;;;;;;
;24977191;NUGGET PECHUGA POLLO 4/320GR;;;;;;;;;;
;25945981;FINGERS POLLO CONGELADOS 8/500GR;;;;;;;;;;
;25964529;FILETES DE POLLO EMPANADO 140-160 GR;;;;;;;;;;
;25964537;BOCADITOS POLLO C/10KG;;;;;;;;;;
;25818246;ALITAS POLLO CRUJIENT.ALDELIS;;;;;;;;;;
;25876772;TORTI.CHEESEBURGER ALDELIS 270;;;;;;;;;;
;25876780;TORT.POLLO C/QUESO ALDELIS 270;;;;;;;;;;
;00671552;CALLOS PREP. 1/2K ROGUSA C/18U;;;;;;;;;;
;00730283;OREJA COCIDA  ROGUSA C/11U;;;;;;;;;;
;02691608;TIRA COSTILLA SALADA;;;;;;;;;;
;02691616;COSTILLA SALADA;;;;;;;;;;
;02691632;ESTOMAGOS SALADOS;;;;;;;;;;
;02691657;MORROS SALADOS;;;;;;;;;;
;02691665;LENGUAS SALADAS;;;;;;;;;;
;02691681;PATAS SALADAS;;;;;;;;;;
;02691699;RABO S/ESPINAZ SALADO;;;;;;;;;;
;02691715;RABO C/ESPINAZ SALADO;;;;;;;;;;
;02691731;UNTO SALADO;;;;;;;;;;
;02691749;TOCINO IBERICO GV;;;;;;;;;;
;02723005;CABEZA CERDO CURADA;;;;;;;;;;
;02946390;ESPINAZO SALADO;;;;;;;;;;
;03058211;OREJAS SALADAS;;;;;;;;;;
;03299211;TIRA COSTILLA SALADA BDJA GRND;;;;;;;;;;
;03299245;COSTILLA SALADA BDJA GRANDE;;;;;;;;;;
;03299302;MORROS SALADOS BDJA GRANDE;;;;;;;;;;
;03299328;OREJAS SALADOS BDJA GRANDE;;;;;;;;;;
;03299351;PATAS SALADAS BDJA GRANDE;;;;;;;;;;
;03299369;RABOS S/ESPINAZ SALAD BDJA GRN;;;;;;;;;;
;03299385;UNTO SALADO BDJA GRANDE;;;;;;;;;;
;03299443;TIRA COSTILLA SALADA GRANEL;;;;;;;;;;
;03300001;RABO C/ESPINAZO SALAD BDJA GRN;;;;;;;;;;
;03300126;TOCINO SALADO BDJA GRANDE;;;;;;;;;;
;03367455;PANCETA CURADA C/COSTILLA;;;;;;;;;;
;03367463;PANCETA CURADA S/COSTILLA;;;;;;;;;;
;03754389;TRIPA COMESTIBLE;;;;;;;;;;
;09471491;1/2 CACHOLA CURADA VAC.HERCULE;;;;;;;;;;
;09503418;PANCETA CURADA TROCEADA 400GR;;;;;;;;;;
;12031340;PANCETA CURADA 3 TROZOS C/HUESO;;;;;;;;;;
;13742911;PANCETA CURADA S/COSTILLA VACIO;;;;;;;;;;
;13927306;PANCETA TROZO VACIO;;;;;;;;;;
;14248744;PANCETA TRIANGULAR BJA;;;;;;;;;;
;15772510;BACON MENOS SAL GISVA C/10KG;;;;;;;;;;
;16104036;COSTILLA SALADA GRANE;;;;;;;;;;
;16104069;OREJA CERDO SAL BLANCA GRANEL;;;;;;;;;;
;16843781;CABEZA CERDO CURADA SELECTA;;;;;;;;;;
;17681750;PANCETA PUNTO DE SAL 8/500GR;;;;;;;;;;
;18658047;PANCETA OREADA S/H BAJA SAL CORE;;;;;;;;;;
;18658070;CABEZA DESH OREADA DESALADA VACI;;;;;;;;;;
;18658203;PANCETA OREADA C/H. SELECTA CORE;;;;;;;;;;
;20134292;1/2 CACHOLA C/HUESO C/4;;;;;;;;;;
;20134326;BACON CURADO 6/800GR;;;;;;;;;;
;20134334;BACON CURADO 12/400GR;;;;;;;;;;
;21729678;ESPINAZO SALADO BDJA GRANDE;;;;;;;;;;
;21730056;CABEZA CURADA FAMILIA;;;;;;;;;;
;21730247;TIRA SALADA GRANEL FAMILIA;;;;;;;;;;
;21730270;PANCETA IBERICA TROZOS VACIO;;;;;;;;;;
;21730296;ESPINAZO SALADO GRANEL;;;;;;;;;;
;21730544;OREJAS SALADAS GRANEL;;;;;;;;;;
;21770086;PATAS CERDO SALADAS CORTADAS 6/5;;;;;;;;;;
;22288799;LACON PORCIONES GISVA;;;;;;;;;;
;23399686;LACON CURADO;;;;;;;;;;
;23856727;TIRA COSTILLA CERDO SALADA RETRA;;;;;;;;;;
;23856735;COSTILLA CERDO SALADA RETRACTILA;;;;;;;;;;
;25509282;TRIPA SALADA BANDEJA GRANDE C/8B;;;;;;;;;;
;90062180;PANCETA CURADA VACIO;;;;;;;;;;
;90062181;PANCETA TROZO VACIO;;;;;;;;;;
;90062184;LACON TROZO;;;;;;;;;;
;90063406;MORROS SALADOS GRANEL Kilo;;;;;;;;;;
;01707264;COMPANGO ASTURIANO 12/250G EL CH;;;;;;;;;;
;08585739;PREPARADO PARA COCIDO FRIGOLOU;;;;;;;;;;
;12031324;PREPARADO COCIDO C/MORCILLA;;;;;;;;;;
;24944282;CODILLO CURADO TROCEADO VACIO;;;;;;;;;;
;24944290;MAZA LACON CURADO TROCEADO VACIO;;;;;;;;;;
;07080823;RELLENO CERDO MILHOJAS;;;;;;;;;;
;20105714;PAVO RELLENO CESTILLO COREN;;;;;;;;;;
;20105722;POLLO CORRAL RELLENO CESTILLO;;;;;;;;;;
;20105730;CAPON RELLENO CESTILLO COREN;;;;;;;;;;
;20105748;PULARDA RELLENA CESTILLO COREN;;;;;;;;;;
;21744610;REDONDO POLLO(BACON/QUESO)3/750G;;;;;;;;;;
;21766183;REDONDO PAVO FRUTOSYJEREZ 3/750;;;;;;;;;;
;23891609;ROTI RELLENO PULARD COREN 750G;;;;;;;;;;
;23892094;ROTI RELLENO POLLO COREN 750GR;;;;;;;;;;
;23892102;ROTI RELLENO PAVO COREN 750GR;;;;;;;;;;
;24604258;ROTI RELLENO CAPÓN COREN 750G;;;;;;;;;;
;24939019;ROTI DE POLLO COREN 900G;;;;;;;;;;
;00627588;CODILLO LACON SAZONADO VACIO EL;;;;;;;;;;
;03367372;CODILLOS CERDO CURADOS;;;;;;;;;;
;07312879;MAGRO TERNERA C/25KG;;;;;;;;;;
;08482085;CARPACCIO DE VACUNO ROLER;;;;;;;;;;
;09472770;CHICHARRON GALLEGO HERCULES;;;;;;;;;;
;09473448;CHICHARRON TARRINA HERCULES 8/35;;;;;;;;;;
;09504168;LACON CURADO DESAL.TROZO 400GR;;;;;;;;;;
;09504465;LACON CURADO TROCEADO 400GR;;;;;;;;;;
;13743026;LACON CURADO CON UÑA GISVA;;;;;;;;;;
;13841309;MINI LACON CURADO;;;;;;;;;;
;14249379;LACON CURADO CON PATA;;;;;;;;;;
;14321491;LACON C/PATA 100% DUROC;;;;;;;;;;
;15857170;LACON AL PUNTO SAL KG;;;;;;;;;;
;16658106;LACON CURADO PRECORTADO VACIO;;;;;;;;;;
;17577701;LACON CURADO SIN PATA;;;;;;;;;;
;18657817;LACON OREADO S/PATA SELECTA CORE;;;;;;;;;;
;18658187;LACÓN OREADO C/PATA SELECTA CORE;;;;;;;;;;
;18658195;LACONCITO OREADO SELECTA COREN;;;;;;;;;;
;19941822;LACÓN COCIDO EXTRA;;;;;;;;;;
;20106654;MINI LACON CURADO VACIO;;;;;;;;;;
;21731369;MINI LONGANIZA FRESCA SERVIHOSTE;;;;;;;;;;
;23419203;SUBPRODUCTOS CARNICERIA;;;;;;;;;;
;90000681;MAGRO TG TGS T30;;;;;;;;;;
;90066351;MAGRO DE BUEY C/25KG;;;;;;;;;;
;12451860;BURGER MEAT TERNERA O'CAUREL BJA (4X85GR);;;;;;;;;;
;19457035;HAMBURG.NOVILLA DEHESA 2X130G;;;;;;;;;;
;20980462;HAMB. ANGUS BIPACK DEHESA 2X130;;;;;;;;;;
;21054119;HAMBURGUESA ANGUS VERGARA (2X160 GR)320G;;;;;;;;;;
;21731518;HAMBURGUESA XX1 VACUNO 180GR;;;;;;;;;;
;21731641;BURGER MEAT MINI SERVIHOSTEL 33X40 GR(€/KG);;;;;;;;;;
;21731658;BURGER MEAT TERNERA HOST SERVIHO;;;;;;;;;;
;22465579;BURGER MEAT T.GALLE COREN 240G;;;;;;;;;;
;22465587;MINI BURGE MEAT T.G COREN 240G;;;;;;;;;;
;22465595;HAMBURGUESA TER.ECO COREN 6/240G;;;;;;;;;;
;23399710;HAMBURGUESA VACUNO X1(C)100GR;;;;;;;;;;
;23419468;(V) BURGUER MEAT TERNERA 25 GR C;;;;;;;;;;
;23419500;(V) HAMBUR TG 140GR CONG;;;;;;;;;;
;24320343;HAMB.ANGUS DEHESA 160GR ESTUCHE 8 UNIDADES;;;;;;;;;;
;25876798;BURGER VACUNO+CEBO.ALDELIS 300;;;;;;;;;;
;26397737;HAMB.BUEY GALLEGO COREN 300G (2X150GR);;;;;;;;;;
;26397745;HAM.VACA RUBIA GALL.COREN (2x150GR)300G C;;;;;;;;;;
;90065117;(V) HAMBUR TERNERA 140GR CONG;;;;;;;;;;
;90081536;(V) HAMBUR TG 25 GR CONG;;;;;;;;;;
;90091725;(V) BURGUER MEAT TERNERA 70GR CO;;;;;;;;;;
;09383431;BURGER MEAT ALBÓN. CAUREL BAND C;;;;;;;;;;
;21603527;HAMBURGUESA CERDO SELECTA 250G;;;;;;;;;;
;21731930;BURGER MEAT ALBÓNDIGAS HOST. SER;;;6,40 €;17%;30/07/2026;12/08/2026;Excel;;;
;24977035;BURGER IBERICA ELPOZO KING 4/240;;;;;;;;;;
;15048804;ALBONDIGAS PAVO SANNIA 6/420GR;;;;;;;;;;
;19358613;HAMBURGUESA ZANAHORIAS 6/316G;;;;;;;;;;
;21143235;HAMBURGUESA POLLO COREN 6X90GR;;;;;;;;;;
;24977068;BURGER CR.CHICKEN POZO KING 6/24;;;;;;;;;;
;90081537;BURGERS 200-250 GR POLLO;;;;;;;;;;
;90085194;BURGERS 200-250 GR PAVO;;;;;;;;;;
;02649945;BURGER MEAT BDJA O CAUREL 6/340G;;;;;;;;;;
;14161939;BURGER MEAT E.NIÑOS BJA CAUREL C;;;;;;;;;;
;14173827;BURGER MEAT BIG BJA CAUREL (2X110GR);;;1,66 €;9%;30/07/2026;12/08/2026;Excel;;;
;17335191;BURGER MEAT MIXTA AMERICANA 4/38;;;;;;;;;;
;21731963;BURGER MEAT MIXTA BASICA GRANEL;;;;;;;;;;
;21731971;BURGER MEAT MIXTA BÁSICA SERVIHOSTEL(24X85GR)(€/KG);;;;;;;;;;
;21731997;BURGER MEAT MIXTA HOST SERVIHOST;;;;;;;;;;
;24171969;HAMBURG.IBÉRICA-ANGUS NOEL 6/150;;;;;;;;;;
;00745422;MAGRO ADOBADO  C6;;;;;;;;;;
;02482446;LOMO ADOBADO HORNO  C/6;;;;;;;;;;
;05027149;LOMO SAJONIA FACCILE 300GR;;;;;;;;;;
;05027180;CHULETA SAJONIA FILETEADA;;;;;;;;;;
;19742303;FIAMBRE LOMO MENU VACIO;;;5,67 €;7%;30/07/2026;12/08/2026;Excel;;;
;19742311;FIAMBRE LOMO BOCATA VACIO;;;5,67 €;7%;30/07/2026;12/08/2026;Excel;;;
;20257192;FIAMBRE LOMO TACO HORNO PORTALCO;;;;;;;;;;
;25289588;LOMO SAJONIA EL CHICO 12/300G;;;;;;;;;;
;09204116;CONEJO ENTERO CESTA ECONOMICA;;;;;;;;;;
;12201257;CONEJO ENTERO HALAL;;;;;;;;;;
;90050402;CONEJO DE MONTE  CONG UD;;;;;;;;;;
;90079665;CONEJO ENTERO KG;;;;;;;;;;
;23419229;(V) CONEJO PARTIDO (PARA ARROZ);;;;;;;;;;
;19715234;PALETILLAS CONEJO COGAL;;;;;;;;;;
;07372170;POLLO BOLSA FLOWPACK;;;;;;;;;;
;07646383;POLLO  HALAL;;;;;;;;;;
;09204066;POLLO LIMPIO BJA CESTA ECONOMICA;;;;;;;;;;
;18853796;POLLO LIMPIO RIVADULLA BDJA;;;;;;;;;;
;25830449;POLLO ENTERO FLOWPACK C/4;;;;;;;;;;
;25964354;POLLO ENTERO S/VISC CONGELADO (PREC/KILO);;;;;;;;;;
;00140814;PECHUGA POLLO  F70;;;;;;;;;;
;07372196;PECHUGA POLLO 14M;;;;;;;;;;
;21733795;PECHUGA POLLO CONGELADA C/6KG;;;;;;;;;;
;23399728;PECHUGA ENTERA POLLO 7-8UD BJA 2;;;;;;;;;;
;24977506;SOLOMILLO POLLO 400GRS;;;;;;;;;;
;25830456;PECHUGAS POLLO ENTERAS FLOWPACK;;;;;;;;;;
;25964420;PECHUGA POLLO IQF CONG. 2,5K C/1;;;;;;;;;;
;25964438;PECHUGA POLLO CONGELADA C/15KG;;;;;;;;;;
;26236869;PECHUGA ENTERA FTO.FAMILIAR;;;;;;;;;;
;00601609;PECHUGA POLLO FILETEADA 18*25;;;;;;;;;;
;12636015;PECHUGA EXTRAFINA POLLO  F70;;;;;;;;;;
;18856872;PECH.POLLO FILETE MUY FINA 250GR;;;;;;;;;;
;19941368;PECHUGA FILETEADA (110-120 GR) 2;;;;;;;;;;
;19941376;CONTRAMUSLO POLLO DESHUESADO 2/2;;;;;;;;;;
;19990258;PECHUGA FILETEADA (90 GR) 2/2 KG;;;;;;;;;;
;23419476;PECHUGA POLLO FILETE 60 GRS;;;;;;;;;;
;23419575;CENTRO DE ESPALDA TERNERA;;;;;;;;;;
;24977472;PECHUGA POLLO MUY FINA 350GRS;;;;;;;;;;
;24977498;FILETE SOLOMILLO POLLO 350GRS;;;;;;;;;;
;25945940;PECHUGA FILETEADA CONG 6/600GR;;;;;;;;;;
;26236877;FILETES PECHUGA FTO.FAMILIAR;;;;;;;;;;
;00219642;ALAS POLLO  F70;;;;;;;;;;
;07372295;ALAS PARTIDAS BANDEJA FAMILIAR;;;;;;;;;;
;15767163;ALAS POLLO GRANEL C/5KG;;;;;;;;;;
;21734694;ALAS PARTIDAS POLLO 2/1445GR;;;;;;;;;;
;21734736;ALAS PARTIDAS CONGELADAS C/6KG;;;;;;;;;;
;25830472;ALAS POLLO FLOWPACK C/2;;;;;;;;;;
;25945890;ALAS PARTIDAS CONGELADAS 8/600GR;;;;;;;;;;
;25945908;BLANQUETA POLLO CONGELADA 8/600G;;;;;;;;;;
;25945916;ALON POLLO CONGELADAS 8/600GR;;;;;;;;;;
;26236901;ALAS POLLO FORMATO FAMILIAR;;;;;;;;;;
;00220707;JAMONCITOS POLLO F70;;;;;;;;;;
;02173771;CUARTOS TRASEROS POLLO FAMILIAR;;;;;;;;;;
;07372220;CUARTO TRASEROS POLLO F70;;;;;;;;;;
;07372329;JAMONCITOS DE POLLO 14M;;;;;;;;;;
;15767395;TRASEROS POLLO GRANEL C/10KG;;;;;;;;;;
;21734769;TRASEROS POLLO CONGELADOS C/5KG;;;;;;;;;;
;25830464;TRASEROS POLLO FLOWPACK C/3;;;;;;;;;;
;25945924;JAMONCITO POLLO CONGELADA 8/600G;;;;;;;;;;
;25964370;MUSLO DESH C/PI CONGELADO 4X2,5;;;;;;;;;;
;26236885;TRASEROS POLLO FTO. FAMILIAR;;;;;;;;;;
;26236893;JAMONCITOS POLLO FTO.FAMILIAR;;;;;;;;;;
;26236919;CONTRAMUSLO POLLO FTO.FAMILIAR;;;;;;;;;;
;90065616;(V) MUSLOS POLLO PARA BRASA;;;;;;;;;;
;05154471;MUSLOS TROCEADOS 18*25*45;;;;;;;;;;
;05154489;POLLO  BARBACOA;;;;;;;;;;
;05154497;POLLO TROCEADO;;;;;;;;;;
;05299615;DELICIAS POLLO 18*25*459;;;;;;;;;;
;19941350;PECHUGA EN TIRAS 2/2 KGS;;;;;;;;;;
;23419484;POLLO TROCEADO,KG.;;;;;;;;;;
;23685068;PECHUGA DE POLLO TACOS KG;;;;;;;;;;
;23685076;PECHUGA POLLO TIRAS K;;;;;;;;;;
;23688948;FILETES PECHUGA DE POLLO;;;;;;;;;;
;23688955;POLLO PARA AJILLO C/H K;;;;;;;;;;
;25849845;MEDIO POLLO CORRAL TROCEADO BJA;;;;;;;;;;
;25945932;DELICIAS POLLO CONGELADAS 8/600G;;;;;;;;;;
;90091726;TIRAS PARA WOK DE POLLO;;;;;;;;;;
;00077578;POLLO DE CORRAL COREN BANDEJA;;;;;;;;;;
;21237862;POLLO ENTERO PAZO DE PIAS BDJA;;;;;;;;;;
;00744938;PECHUGAS POLLO CORRAL COREN 500;;;;;;;;;;
;21239355;PECHUGA ENTERA PAZO PIAS BDJA;;;;;;;;;;
;05384623;PECHUGA FILETEADA CORRAL COREN 4;;;;;;;;;;
;21239363;PECHUGA FILETE PAZO PIAS BDJA;;;;;;;;;;
;21238423;ALAS PARTIDAS PAZO PIAS BDJA;;;;;;;;;;
;00744904;MUSLOS POLLO CORRAL COREN 600 GR;;;;;;;;;;
;21239223;TRASEROS PAZO DE PIAS BDJA;;;;;;;;;;
;00224972;CARCASAS 18*25*60;;;;;;;;;;
;05154539;1/4 GALLINA SEMIPESADA COROK;;;;;;;;;;
;21734819;CARCASA POLLO COMPENSADO;;;;;;;;;;
;00224998;CUELLOS POLLO COROK SADA;;;;;;;;;;
;00599340;ENVASES PROVEEDORES (00)COREN;;;;;;;;;;
;16002479;MOLLEJAS POLLO AL VACIO,KG;;;;;;;;;;
;26236984;FIL.PECHUG.POLL.EXTR.G.GOURMET;;;;;;;;;;
;03061769;PAVITA EXTRA KG...;;;;;;;;;;
;18856864;PECHUGA PAVO FILETEADA FINA 300-;;;;;;;;;;
;20025102;PECHUGA PAVO FILETEADA COREN;;;;;;;;;;
;20025110;MEDALLON SOLOMILLO PAVO COREN;;;;;;;;;;
;20025128;CHULETA CONTRAMUSLO PAVO COREN;;;;;;;;;;
;24936015;JAMONCITO DE PAVO 1U COREN KG;;;;;;;;;;
;25945957;PECHUGA PAVO FILET. CONG. 6/600G;;;;;;;;;;
;25945965;OSSOBUCCO PAVO CONGELADAS 6/1KG;;;;;;;;;;
;25945973;CHULETAS PAVO CONGELADAS 5/1KG;;;;;;;;;;
;26234534;PECHUG.PAVO FILETEAD.LAGO 300G;;;;;;;;;;
;16148421;PECHUGA PAVO AJILLO C/6;;;;;;;;;;
;20025169;FILETE MARINAD.NAT.PAVO COREN;;;;;;;;;;
;20025177;FILETE PECH.PAVO PIMENTO COREN;;;;;;;;;;
;20025185;CHULETA PAVO AL AJILLO COREN;;;;;;;;;;
;25412917;CHULETA PAVO AJILLO C/6;;;;;;;;;;
;90095005;TIRAS PARA WOK DE PAVO;;;;;;;;;;
;24104424;MAGRET DE PATO COREN;;;;;;;;;;
;21836903;MUSLO DE PATO BERBERIA SKIN;;;;;;;;;;
;04895447;PERDIZ SIN PLUMA 2 UN;;;;;;;;;;
;12857231;CODORNIZ BOLSA 4 UN;;;;;;;;;;
;00653600;COQUELET CORRAL COREN BOLSA 1UNI;;;;;;;;;;
;00654665;PICANTONES CORRAL BJA 2UN 0,5K;;;;;;;;;;
;02801926;CAPON DELICIA NAVIDAD COREN BJA;;;;;;;;;;
;03906773;PATITA BERBERIA EXTRA COREN BJA;;;;;;;;;;
;05877089;PAVITA LIMPIA COREN;;;;;;;;;;
;05968318;PAVO LIMPIO HEMBRA BANDEJA;;;;;;;;;;
;15766686;PULARDA CORRAL COREN CONVENTO AL;;;;;;;;;;
;15766835;CAPON CORRAL COREN AUTENTICO;;;;;;;;;;
;21836762;PULARDA LIMPIA BANDEJA 2KG;;;;;;;;;;
;23115975;PAVITA DESHUESADA COREN;;;;;;;;;;
;00100479;HIGADO TERNERA;;;;;;;;;;
;00100495;LENGUA TERNERA;;;;;;;;;;
;03054426;TAPA TERNERA GALLEGA VITRINA;;;;;;;;;;
;15788987;RIÑONES TERNERA BOLSA/1 KG;;;;;;;;;;
;16612236;DELANTERO S/F TERN.ROSADA;;;;;;;;;;
;19709815;LONJA TERNERA;;;;;;;;;;
;19709831;ESCALOPE BABILLA TERNERA;;;;;;;;;;
;19709849;ESCALOPE CONTRA TERNERA;;;;;;;;;;
;19709864;WOK DE TERNERA;;;;;;;;;;
;19709872;FILETE TERNERA;;;;;;;;;;
;19709906;CADERA TERNERA CON RABILLO;;;;;;;;;;
;19709930;PICAÑA TERNERA;;;;;;;;;;
;19709971;REDONDO TERNERA;;;;;;;;;;
;19710029;SOLOMILLO TERNERA;;;;;;;;;;
;20044301;CADERA TERNERA GALLEGA C/3;;;;;;;;;;
;20044319;BABILLA TERNERA GALLEGA C/3;;;;;;;;;;
;20044327;CONTRA TERNERA GALLEGA C/3;;;;;;;;;;
;20044343;CENTRO ESPALDA T.GALLEGA C/4;;;;;;;;;;
;20044376;MORCILLO DELANT T.GALLEGA C/4;;;;;;;;;;
;20044418;MORCILLO TRASE T.GALLEGA C/4;;;;;;;;;;
;20044467;TAPA TERNERA GALLEGA C/3;;;;;;;;;;
;20044558;CADERA TG SUPREMA C/3;;;;;;;;;;
;20044566;BABILLA TG SUPREMA C/3;;;;;;;;;;
;20044582;CONTRA TG SUPREMA C/3;;;;;;;;;;
;20044616;CULATA TG SUPREMA C/4;;;;;;;;;;
;20044624;PICAÑA T.G. SUPREMA;;;;;;;;;;
;20044632;REDONDO TG SUPREMA C/4;;;;;;;;;;
;20044640;SOLOMILLO TG SUPREMA C/2;;;;;;;;;;
;20044657;TAPA TG SUPREMA C/3;;;;;;;;;;
;21734876;BABILLA VACA IMPORTACION;;;;;;;;;;
;23399744;GUISAR S/H T.G.TAPA;;;6,23 €;47%;06/08/2026;12/08/2026;Excel;;;
;23399751;PIEZA TAPA CONTRA ENTERA KG;;;;;;;;;;
;23399777;FILETES T.G. TAPA CONTRA;;;;;;;;;;
;23401128;PECHUGA FILETEADA POLLO GRANEL;;;;;;;;;;
;23401151;FALDA EN TIRAS TG;;;;;;;;;;
;23419385;SOLOMILLO TERNERA 12 MESES;;;;;;;;;;
;23419419;FILETE TERNERA 1 A CROCA BABILLA;;;;;;;;;;
;23811888;TAPA TERNERA GALLEGA VACIO C/2;;;;;;;;;;
;23812019;CADERA C/RABIL. T.G. VACIO C/2;;;;;;;;;;
;23812027;REDONDO T.G. VACIO C/2;;;;;;;;;;
;23812035;CONTRA TERNERA GALLEGA VACIO C/2;;;;;;;;;;
;23812043;PICAÑA TERNERA GALLEGA VACIO C/2;;;;;;;;;;
;23812068;BABILLA TERNERA GALLEGA VACIO C/;;;;;;;;;;
;23812126;SOLOMILLO TERNER GALLEGA VACÍO C;;;;;;;;;;
;24258824;ESPALDA TERNERA GALLEGA VACIO;;;;;;;;;;
;00105833;CHULETERO TERNERA ROSADA;;;;;;;;;;
;15874563;ENTRECOT TERNERA GALLEGA C/2;;;;;;;;;;
;19710003;CHULETAS TERNERA;;;;;;;;;;
;19710011;ENTRECOT TERNERA;;;;;;;;;;
;21734892;ENTRECOT TERNERA GALLEGA;;;;;;;;;;
;21734900;ASAR ESPALDA T.G. C/HUESO KG;;;;;;;;;;
;21734959;JARRETE TERN 12 MESES GVR(TRASERO);;;;;;;;;;
;21734967;JARRETE TERNERA ROSADA CONG C/20;;;;;;;;;;
;21735097;(V) SOLOMILLO TERN. 12 MESES GVR;;;;;;;;;;
;21735105;CABEZA DE SOLOMILLO KG;;;;;;;;;;
;21735162;JARRETE TERNERA 12 MESES;;;;;;;;;;
;21735261;SOLOMILLO TERNERA ROSADA CONG;;;;;;;;;;
;21735287;SOLOMILLO CONGELADO;;;;;;;;;;
;21735295;SOLOMILLO VACA < 2 KG;;;;;;;;;;
;21735303;CHULETAS TERN.GALLEGA AL CORTE,K;;;;;;;;;;
;23399769;1/2 CANAL TERNERA GALLEGA VACÍO.;;;;;;;;;;
;23399793;PIEZA CROCA BABILLA ENTERA KG;;;;;;;;;;
;23419237;1/2 LOMO (BAJO C/SOLOMILLO) T.G.;;;;;;;;;;
;23419278;1/2 LOMO (ALTO) T.G.;;;;;;;;;;
;23419328;OSOBUCO TERNERA 12 MESES;;;;;;;;;;
;23419336;"CHULETAS TERNERA ""MENU"" TROZO";;;12,74 €;7%;04/08/2026;10/08/2026;Excel;;;
;23812100;LOMO ALTO C/H T.GALLEGA VACÍO C/;;;;;;;;;;
;23812118;LOMO BAJO S/H T.GALLEGA VACÍO C/;;;;;;;;;;
;90020027;"CHULETA DE VACA GALLEGA ""MACERAD";;;;;;;;;;
;90062254;CHULETÓN PORCIONADO 300(COMPRA);;;;;;;;;;
;90062255;CHULETÓN PORCIONADO 400(COMPRA);;;;;;;;;;
;90062256;CHULETÓN IBONE 350 (COMPRA);;;;;;;;;;
;90062258;ENTRECOT PORCIONADO 300(COMPRA);;;;;;;;;;
;00100453;CORAZONES DE T.           (U);;;;;;;;;;
;00101196;CARRILLERAS TERNERA;;;;;;;;;;
;00727032;MOLLEJAS TERNERA;;;;;;;;;;
;03310786;FALDA C/H TERNERA GALLEGA;;;;;;;;;;
;16120800;RABO DE TERNERA, KG;;;;;;;;;;
;16492464;PATAS TERNERA CORTADAS CONGELADA;;;;;;;;;;
;16492480;ESTOMAGOS TERNERA CORTADOS CONGE;;;;;;;;;;
;16528010;ESTOMAGOS TERNERA CONGELADOS;;;;;;;;;;
;16612319;FALDA TERNERA ROSADA;;;;;;;;;;
;17517376;PULMON/TRAQUEA TERNERA;;;;;;;;;;
;17517392;MORROS DE TERNERA;;;;;;;;;;
;17767021;PILAR DE ENTRAÑA DE TERNERA;;;;;;;;;;
;19709955;CULATA DE CONTRA TERNERA;;;;;;;;;;
;19709989;JARRETE TERNERA;;;;;;;;;;
;19710045;PEZ TERNERA;;;;;;;;;;
;19710052;LLANA DE TERNERA;;;;;;;;;;
;19710078;CENTRO DE ESPALDA TERNERA;;;;;;;;;;
;19710086;OSOBUCO TERNERA;;;;;;;;;;
;19710102;AGUJA C/H TERNERA;;;;;;;;;;
;19710110;CENTRO DE FALDA TERNERA;;;;;;;;;;
;19710128;FALDA EN TIRAS TERNERA;;;;;;;;;;
;19710144;PECHO C/H TERNERA;;;;;;;;;;
;19710169;ESTOFADO DE TERNERA;;;;;;;;;;
;21735311;OSSOBUCO DE TERN. GALL;;;;;;;;;;
;21735329;REDONDO T.G.;;;;;;;;;;
;21735691;MAGRO TERNERA;;;;;;;;;;
;21958368;TIRA CORTADA TERNERA, KG (V);;;;;;;;;;
;23399785;ASAR AGUJA T.G.C/HUESO;;;;;;;;;;
;23399819;JARRETE T.G. O MORCILLO.;;;;;;;;;;
;23399827;ASAR ESPALDA T.G. S/HUESO KG;;;9,62 €;8%;04/08/2026;10/08/2026;Excel;;;
;23399835;ASAR AGUJA T.G. S/HUESO KG;;;;;;;;;;
;23812076;CULATA TERNERA GALLEGA VACIO C/2;;;;;;;;;;
;23812092;OSOBUCO TERNERA GALLEGA VACIO C/;;;;;;;;;;
;23812134;TAPILLA TERNERA GALLEGA VACÍO C/;;;;;;;;;;
;23812142;PEZ TERNERA GALLEGA VACÍO C/6;;;;;;;;;;
;23812159;LLANA TERNERA GALLEGA VACÍO C/6;;;;;;;;;;
;23812316;CENTRO ESPALDA T.GALLEGA VACÍO C;;;;;;;;;;
;23812324;BRAZUELO TERNERA GALLEGA VACÍO C;;;;;;;;;;
;23812340;JARRETE DELANT T.GALLEGA VACÍO C;;;;;;;;;;
;23812357;CENTRO FALDA T.GALLEGA VACÍO C/2;;;;;;;;;;
;23831985;OSOBUCO T. GALLEGA VACIO C/3;;;;;;;;;;
;24296881;HUESO DE CAÑA TERNERA GRANEL (2;;;;;;;;;;
;24469793;TAPILLA TERNERA GALLEGA VACÍO;;;;;;;;;;
;24580649;TENDON TERNERA VACIO;;;;;;;;;;
;90018325;OSOBUCO TERN 12 MESES C;;;;;;;;;;
;17766791;CARNE ENTRAÑA DE TERNERA;;;;;;;;;;
;20170858;REDONDO AÑOJO VACIO C/5;;;;;;;;;;
;20170866;PICAÑA AÑOJO VACIO C/3;;;;;;;;;;
;20172375;LLANA AÑOJO VACIO C/6;;;;;;;;;;
;20172383;ENTRECOT AÑOJO VACIO C/2;;;;;;;;;;
;20172466;BABILLA AÑOJO VACIO C/3;;;;;;;;;;
;20890869;C. AGUJA AÑOJO ANGUS M.VERGARA;;;;;;;;;;
;23154065;PICAÑA ANGUS IRLANDA VACIO;;;;;;;;;;
;23154073;BABILLA ANGUS VACIO;;;;;;;;;;
;23419609;CULATAS TERNERA IMPORTACION;;;;;;;;;;
;23832058;SOLOMILLO ANGUS KG;;;;;;;;;;
;25321290;TAPA AÑOJO VACIO C/2;;;;;;;;;;
;25321308;CENTRO ESPALDILLA BLACK ANGUS C/;;;;;;;;;;
;25321316;CONTRA BLACK ANGUS VACIO C/2;;;;;;;;;;
;00109751;ENTRECOT ENTERO DE AÑOJO;;;;;;;;;;
;20892055;ENTRECOT AÑOJO ANGUS M.VERGARA;;;;;;;;;;
;20892063;CHULETA AÑOJO ANGUS M.VERGARA;;;;;;;;;;
;22465900;CHULETERO ANGUS C/H C/SOLOMILLO;;;;;;;;;;
;22465991;CHULETERO ANGUS C/H S/SOLOMILLO;;;;;;;;;;
;23153653;CHULETERO ANGUS ORIGEN IRLANDA;;;;;;;;;;
;23832066;CHULETA ANGUS KG;;;;;;;;;;
;24276289;PAÑO CHURRASCO AÑOJO VACIO C/2;;;;;;;;;;
;24489114;LOMO CON HUESO DE AÑOJO KG;;;;;;;;;;
;25321399;LOMO BAJO AÑOJO VACIO C/2;;;;;;;;;;
;25321407;LOMO ALTO AÑOJO VACIO C/2;;;;;;;;;;
;25321415;CHULETA ANGUS 7 COSTILLAS VACIO;;;;;;;;;;
;06060347;FALDA RECORTADA CON HUESO;;;;;;;;;;
;20329512;CENTRO AÑOJO VACIO EL POZO C/10-;;;;;;;;;;
;22437453;CHURRASCO ANGUS 3 COSTILLAS VERGARA;;;;;;;;;;
;23154040;CHURRASCO ANGUS VACIO (2UDS/CAJA;;;;;;;;;;
;23832074;TIRA CORTADA AÑOJO KG;;;;;;;;;;
;23832082;TIRA CORT. ANGUS VERGARA KG;;;;;;;;;;
;23832132;TIRA CORT. ANGUS IMPORT KG;;;;;;;;;;
;25321324;RABO AÑOJO ENTERO VACIO C/5;;;;;;;;;;
;25321381;ENTRAÑAS AÑOJO VACIO C/4;;;;;;;;;;
;90066370;CONTRA IMPORTACION;;;;;;;;;;
;24266504;(V) SOLOMILLO DE VACA K;;;;;;;;;;
;90066344;PICAÑA DE VACA (AA) CONGELADA C/20KG;;;;;;;;;;
;01799626;CHULETA VACA PAIS VITRINA;;;;;;;;;;
;20170767;LOMO DE VACA GRANEL;;;;;;;;;;
;20170775;LOMO DE VACA EXTRA GRANEL;;;;;;;;;;
;20170783;LOMO DE VACA SUMMUN   (Raza Rubia Gallega ó Mestiza);;;;;;;;;;
;21735741;CHURRASCO DE VACA;;;;;;;;;;
;21735766;CHULETON VACA SELECCION SUMMUN;;;;;;;;;;
;25016742;(V)LOMO ALTO VACA IMPORTACION;;;;;;;;;;
;25016767;(V)LOMO BAJO VACA IMPORTACION;;;;;;;;;;
;25016775;(V)LOMO ALTO VACA EXTRA;;;;;;;;;;
;25016783;(V)LOMO BAJO VACA EXTRA;;;;;;;;;;
;25016791;(V) LOMO ALTO VACA SUMMUN;;;;;;;;;;
;25016817;(V)LOMO BAJO VACA SUMMUN;;;;;;;;;;
;25016825;(V)LOMO ALTO ANGUS IMPORTAC.;;;;;;;;;;
;25016833;(V)LOMO BAJO ANGUS IMPORTAC.;;;;;;;;;;
;25016841;(V)LOMO ALTO ANGUS VERGARA;;;;;;;;;;
;25016858;(V)LOMO BAJO ANGUS VERGARA;;;;;;;;;;
;25321365;LOMO BAJO VACA VACIO C/1;;;;;;;;;;
;25321373;LOMO ALTO VACA VACIO C/2;;;;;;;;;;
;25647777;CHULETERO ANGUS 5 COSTILLAS GRANE;;;19,75 €;9%;30/07/2026;12/08/2026;Excel;;;
;90001426;LOMO BUEY  GALLEGO (RAZA );;;;;;;;;;
;90066405;LOMO VACA IGP;;;;;;;;;;
;21735774;PICANHA VACA;;;;;;;;;;
;21735782;(V) PICANHA VACA (AA) PREMIUM;;;;;;;;;;
;25321332;RABO VACA ENTERO VACÍO C/5;;;;;;;;;;
;25321357;RABO TERNERA ENTERO VACIO C/8;;;;;;;;;;
;00607069;MAGRO CERDO 2A          (KGR);;;;;;;;;;
;17116914;CINTA SELECTA VACIO C/2;;;;;;;;;;
;20314498;LOMO EXTRATIERNO VACIO C/4;;;4,78 €;6%;04/08/2026;10/08/2026;Excel;;;
;21346945;CINTA DE LOMO CERDO CELTA;;;;;;;;;;
;21736525;CHULETA LOMO CERDO.;;;;;;;;;;
;21736533;ESCALOPE JAMON CERDO 11S;;;;;;;;;;
;21736558;CANAL DE CERDO;;;;;;;;;;
;23419542;MEDIA CINTA DE LOMO;;;;;;;;;;
;24944175;CINTA LOMO TIERNO VACIO C/3;;;;;;;;;;
;25020595;LOMO FRESCO DUROC VACIO COREN GR;;;;;;;;;;
;90091719;LOMO DE CERDO CONGELADO;;;;;;;;;;
;02689644;LOMO ADOBADO EXTRA GRANEL;;;5,19 €;17%;06/08/2026;12/08/2026;Excel;;;
;23401110;MAZA DE PALETA, KG.;;;;;;;;;;
;17116880;CHULETERO S/CAB.SELECTA C/1;;;;;;;;;;
;21347257;CABEZADA C/HUESO CERDO CELTA C/2;;;;;;;;;;
;21347265;CHULETA DE LOMO CERDO CELTA;;;;;;;;;;
;21347398;CHULETA CABEZADA CERDO CELTA;;;;;;;;;;
;21580840;CHULETERO C/CAB COREN SELECTA C/;;;;;;;;;;
;21581426;CABEZA LOMO C/H COREN SELECTA C/;;;;;;;;;;
;21736624;CHULETA CABEZADA CERDO 14M.;;;;;;;;;;
;25020488;CHULET. S/CABEZA DUROC COREN GR;;;;;;;;;;
;25020561;CHULET. C/CABEZA DUROC COREN GR;;;;;;;;;;
;16622664;SOLOMILLO CERDO C/CORDÓN GRANEL;;;;;;;;;;
;17116864;SOLOMILLO SELECTA VACIO 0,4KG;;;;;;;;;;
;21347406;SOLOMILLO CERDO CELTA;;;;;;;;;;
;00100065;COSTILLA  C6;;;;;;;;;;
;00104091;TIRAS DE COSTILLAS      (KGR);;;;;;;;;;
;19738277;TIRA COSTILLA BARBACOA C/12 KGS;;;;;;;;;;
;21347885;COSTILLA CERDO CELTA;;;;;;;;;;
;21347893;TIRA COSTILLA CERDO CELTA;;;;;;;;;;
;21581707;COSTILLA COREN SELECTA C4;;;;;;;;;;
;21581996;TIRA COSTILLA COREN SELECTA;;;;;;;;;;
;21736640;COST CERDO TIRAS CONGELADA C/12K;;;5,19 €;6%;30/07/2026;12/08/2026;Excel;;;
;23695265;COSTILLA CERDO BARBACOA KG;;;;;;;;;;
;25020603;COSTILLA DUROC COREN GR;;;;;;;;;;
;25263567;TIRA COSTILLA DUROC COREN C/5;;;;;;;;;;
;00161034;CODILLO PALETA S/ PATA;;;;;;;;;;
;20021614;(V) FILETE JAMÓN CERDO SELECTA;;;;;;;;;;
;21242607;JAMÓN DESHUESADO DUROC C/2;;;;;;;;;;
;21348016;FILETE CABEZADA CERDO CELTA;;;;;;;;;;
;21348024;FILETE DE JAMÓN CERDO CELTA;;;;;;;;;;
;21736855;PALETA EN MITADES VACIO C/4;;;;;;;;;;
;21736871;TROZO PARA FILETES DE CERDO;;;;;;;;;;
;25020579;JAMON RED.S/PATA DUROC COREN GR;;;;;;;;;;
;20021929;(V) ESTOFADO CERDO SELECTA;;;;;;;;;;
;21348040;ESTOFADO CERDO CELTA;;;;;;;;;;
;21348057;CARNE PICADA CERDO CELTA;;;;;;;;;;
;21348065;CODILLO CERDO CELTA;;;;;;;;;;
;21603501;CODILLO CERDO VACIO FRESCO S/PIE;;;;;;;;;;
;21736954;AGUJA CERDO FAMILIA;;;;;;;;;;
;24580672;LACON FRESCO S/PATA COREN SELECT;;;;;;;;;;
;25020587;PALETA RED.S/PAT DUROC COREN GR;;;;;;;;;;
;21348156;PANCETA CERDO CELTA;;;;;;;;;;
;21736962;PANCETA EN TIRAS, KG;;;;;;;;;;
;16059750;SECRETO DE CERDO VACIO KG;;;;;;;;;;
;17116922;PRESA SELECTA VACIO;;;;;;;;;;
;17116930;SECRETO SELECTA VACIO 0,8KG;;;;;;;;;;
;21737002;CARRILLERA CERDO CONGELADA CONGELADA 6BO;;;;;;;;;;
;21737010;SECRETO DE CERDO PRIMERA CONGEL;;;;;;;;;;
;00100131;LENGUAS DE CERDO        (KGR);;;;;;;;;;
;00100164;OREJAS DE CERDO C/5KG   (KGR);;;;;;;;;;
;00100214;PATAS DE CERDO C/5KGR;;;;;;;;;;
;21737093;LENGUAS DE CERDO;;;;;;;;;;
;21737127;MANOS CERDO FRESCAS (PRECIO VOLUMEN 1,95 €/KG);;;;;;;;;;
;90062168;HIGADOS DE CERDO;;;;;;;;;;
;90068080;PAPADA CERDO KG;;;;;;;;;;
;19190727;CABEZADA S/HUESO IBERTESA C/6 (A;;;;;;;;;;
;19742261;CINTA DE LOMO IBERICA ADOBADA IB;;;;;;;;;;
;25412479;CINTA DE LOMO IBERICO VACIO C/2;;;;;;;;;;
;19149095;COSTILLA PELADA IBERTESA VACIO (;;;;;;;;;;
;19190685;COSTILLA CARNUDA RECORTADA IBERT;;;;;;;;;;
;25412453;CHULETERO IBERICO S/CABEZA C/1;;;;;;;;;;
;25412487;SOLOMILLO IBERICO VACIO C/4;;;;;;;;;;
;25412495;PRESA IBERICA VACIO C/4;;;;;;;;;;
;25412503;SECRETO IBERICO VACIO C/4;;;;;;;;;;
;25412511;ABANICO IBERICO VACIO C/4;;;;;;;;;;
;25412529;COSTILLA IBERICA C/2;;;;;;;;;;
;25412537;MEDALLON CARRILLADA IBERICA C/4;;;;;;;;;;
;25412545;PANCETA CUADRO CON PIEL GR C/1;;;;;;;;;;
;00107797;COCHINILLO +7KG VACIO;;;;;;;;;;
;21787429;COCHINILLO ENTERO CONGEL 5U 4-5K;;;;;;;;;;
;21787510;(V)COCHINILL DESCONGEL 4'5-5'5K;;;;;;;;;;
;21788880;(V)COCHINILL DESCONGEL 5'5-6'5K;;;;;;;;;;
;23108988;COCHINILLO CONGELADO 4U 5-6 KG C;;;;;;;;;;
;24601155;MEDIO COCHINILLO CONGELADO;;;;;;;;;;
;00000612;JAMON CON PIEL C2;;;;;;;;;;
;00100016;AGUJA SIN HUESO;;;;;;;;;;
;00100057;CORAZON DE CERDO        (KGR);;;;;;;;;;
;00100073;CHULETERO CON AGUJA C2;;;;;;;;;;
;00100081;CHULETA SIN AGUJA SIN SOLOMILLO;;;;;;;;;;
;00100099;HIGADO CERDO             (KGR);;;;;;;;;;
;00100115;JAMON SIN HUESO;;;;;;;;;;
;00100263;COCHINILLO VACIO HASTA 5,5 KG;;;;;;;;;;
;00100792;AGUJA CON HUESO C3;;;;;;;;;;
;00103838;LOMO FRESCO  C3;;;;;;;;;;
;00104505;COCHINILLO VACIO 5,5 - 7 KG;;;;;;;;;;
;00165241;PANCETA CERDO C/COSTILLA C2;;;;;;;;;;
;01790351;PALETA C/H C/PIEL C2;;;;;;;;;;
;15757107;CANAL CERDO S/CABEZA S/PANCETA;;;;;;;;;;
;15807803;MORROS FRESCOS C/5KG;;;;;;;;;;
;19845759;MAGRO 80/20 TIENDA C/10KG;;;;;;;;;;
;19955046;JAMON RED.S/P SELECTA C/1;;;;;;;;;;
;19955137;PALETA RED.S/P SELECTA C/1;;;;;;;;;;
;25610957;CANAL DE CERDO S/CHALECO DUROC C;;;;;;;;;;
;24610610;RECENTAL EN CUARTOS VACIO KG;;;;;;;;;;
;90048677;CHULETA DE OVINO C/10KGS;;;;;;;;;;
;00886051;PALETILLA RECENTAL;;;;;;;;;;
;21737432;CUELLO CORDERO CONGELADO BOLSA 3;;;;;;;;;;
;21737465;LOMO RECENTAL;;;;;;;;;;
;21737473;PIERNA CORDERO RECENTAL;;;;;;;;;;
;21737499;PALETILLA RECENTAL;;;;;;;;;;
;90062236;MANITAS CORDERO LECHAL C/10KG;;;;;;;;;;
;21342332;CORDERO LECHAL LIMPIO 4,5-5,5 K;;;;;;;;;;
;21342365;CORDERO LECHAL LIMPIO 6,1-7 KG C;;;;;;;;;;
;23886054;LECHAL EN CUARTOS VACIO DE 7 A 7;;;;;;;;;;
;23990559;(V)CUARTO DELANTERO LECHAL KG;;;;;;;;;;
;23990567;(V) CUARTO TRASERO LECHAL KG;;;;;;;;;;
;90062172;CHULETILLAS DE CORDERO LECHAL;;;;;;;;;;
;16717860;LOMO LECHAL;;;;;;;;;;
;16717951;PALETILLA LECHAL;;;;;;;;;;
;21737663;PIERNA LECHAL;;;;;;;;;;
;21737689;PALETILLA LECHAL;;;;;;;;;;
;25460460;PIERNA LECHAL CONGELADA C/17KG;;;;;;;;;;
;90062170;CORDERO LECHAL HASTA 6,5 KG LIMP;;;;;;;;;;
;90062171;CORDERO LECHAL HASTA 7,5 KG LIMP;;;;;;;;;;
;19658863;CABRITO SIN CABEZA SIN ASADURA;;;;;;;;;;
;19659069;CABRITO CON CABEZA CON ASADURA;;;;;;;;;;
;00020941;CORD.LECHAL HASTA 6,5KG LIMPIO;;;;;;;;;;
;00100586;CORD.LECHAL HASTA 7,5 LIMPIO;;;;;;;;;;
;00100594;CORDERO RECENTAL(10-13,5KGS);;;;;;;;;;
;00101048;PIERNA RECENTAL;;;;;;;;;;
;00101063;LOMO RECENTAL;;;;;;;;;;
;00104786;CABRITO;;;;;;;;;;
;08483034;CHULETA DE CORDERO GALES GR C3;;;;;;;;;;
;16090672;CORDERO 8-10K;;;;;;;;;;
;17392440;CORDERO RECENTAL 8-13,5 MAQUILA;;;;;;;;;;
;17392648;CORDERO 13,6-15 MAQUILA;;;;;;;;;;
;17392903;CORDERO HASTA 5,9 MAQUILA;;;;;;;;;;
;17392929;CORDERO LECHAL <7,9 MAQUILA;;;;;;;;;;
;20006524;CORDERO GALES S/PIERNA S/CUELLO;;;;;;;;;;
;12522371;PINCHOS DE CERDO;;;;;;;;;;
;16423592;ALITAS POLLO ADOBADAS MOIBO 2KG;;;;;;;;;;
;24977480;BROCHETAS POLLO 9U MOIBO 100GR;;;;;;;;;;
;25653783;ALAS POLLO ADOBADAS PIMENTON C/2;;;;;;;;;;
;25653809;PINCHO ROJO DE POLLO( Brocheta 140 gr, en bandeja de 14 U);;;;;;;;;;
;25653825;BROCHETA POLLO MARINADO( Brocheta 140 gr, en bandeja de 14 U);;;;;;;;;;
;26236968;MINI BROCHETA GRAN.GOURMET 2KG;;;;;;;;;;
;26236976;MINI PINCHO GRAN.GOURMET 2,5KG;;;;;;;;;;
;05862875;CHORIZO PARA FREIR O`CAUREL GRAN;;;;;;;;;;
;11326055;CRIOLLO O CAUREL GRANEL;;;4,47 €;32%;30/07/2026;12/08/2026;Excel;;;
;11326162;CHORIZO BARBACOA O CAUREL GRANEL;;;4,89 €;33%;30/07/2026;12/08/2026;Excel;;;
;11326220;CHORIZO CASERO GRANEL O CAUREL;;;;;;;;;;
;16423642;ZORZA POLLO AL VACIO 1KG;;;;;;;;;;
;25674250;CHORIZO IBERICO BLANCO GRANEL C/;;;;;;;;;;
;26247809;CHORIZ.CRIOLLO POLLO G.GOURMET;;;;;;;;;;
;20952057;S.JACOBO POLLO ALDELIS BDJ/1,3KG;;;;;;;;;;
;20952073;NUGGET POLLO ALDELIS BDJ/1,3KG;;;;;;;;;;
;20952099;ROLL. PRIMAV. VERD. ALDEL. BDJ/1;;;;;;;;;;
;21167457;PIMIENTO RELL.POLLO BDJ/2KG;;;;;;;;;;
;24313801;SOLOMILLO POLLO EMPANADO GRANEL;;;;;;;;;;
;24977530;FINGERS POLLO EMPANADOS MOIBO 1K;;;;;;;;;;
;24977548;BISTEC POLLO EMPANADO MOIBO 1KG;;;;;;;;;;
;24977555;CORDON BLEU POLLO JAM-QU MOIBO 1;;;;;;;;;;
;24977563;MINI CORDON BLEU POLLO MOIBO 1KG;;;;;;;;;;
;19697747;CROQUETAS DE POLLO RIVADULLA;;;;;;;;;;
;19699214;CROQUETAS DE JAMON RIVADULLA;;;;;;;;;;
;20951539;CROQUETAS POLLO JAMON MATACHIN G;;;;;;;;;;
;20951653;CROQUETA COCIDO MATACHIN GRANEL;;;;;;;;;;
;22343933;CROQ.JAMÓN IBER.ALDELIS GRANEL C;;;;;;;;;;
;26355206;CROQUETA JAMON IBERIC.ELPOZO C/2;;;;;;;;;;
;11326089;BURGER MEAT MIXTA O CAUREL GR;;;;;;;;;;
;12467809;BURGER MEAT TERNERA O CAUREL GR;;;;;;;;;;
;19699289;HAMBURGUESA DE POLLO RIVADULLA;;;;;;;;;;
;20951794;ALBONDIGAS POLLO MATACHIN GRANEL;;;;;;;;;;
;21193271;BURGER MEAT AMERICANA TERNERA GR;;;;;;;;;;
;21565882;HAMBURGUESA VACUNO CEBOLLA BDJ/1;;;;;;;;;;
;23419526;MORCILLA MATACHANA GRANEL C/10KG;;;;;;;;;;
;11326121;LONGANIZA FRESCA BLANCA O CAUREL;;;;;;;;;;
;11326147;LONGANIZA FRESCA ROJA O CAUREL G;;;;;;;;;;
;09474073;FIAMBRE DE LOMO GRANEL;;;;;;;;;;
;11318607;FIAMBRE DE LOMO HORNO 1/2 VACIO;;;;;;;;;;
;15140478;TIRA DE COSTILLA SALADA CAJA 10 KILOS;;;;;;;;;;
;16104044;MORROS SALADOS GRANEL;;;;;;;;;;
;16625345;TOCINO IBERICO SALADO GRANEL;;;;;;;;;;
;19420132;CHULETA SAJONIA GRANEL;;;;;;;;;;
;17145848;CANAL CONEJO GRANEL KG;;;;;;;;;;
;04378345;POLLO LIMPIO COROK GRANEL;;;;;;;;;;
;17551300;POLLO CORRAL GRANEL C/4;;;;;;;;;;
;18853788;POLLO LIMPIO RIVADULLA GRANEL;;;;;;;;;;
;20986048;POLLO LIMPIO GRANEL 1800-2200 GR;;;;;;;;;;
;21234182;POLLO ENTERO PAZO DE PIAS GR;;;;;;;;;;
;21737762;POLLO GRANEL HALAL 1800-2200 GR;;;;;;;;;;
;23121262;POLLO LIMPIO GRANEL SELEC, KG;;;;;;;;;;
;90073670;PECHUGA POLLO GRANEL HALAL C/10K;;;;;;;;;;
;00107359;PECHUGAS POLLO GRANEL;;;;;;;;;;
;16193526;PECHUGA POLLO GRANEL CAJA 10KG;;;;;;;;;;
;21766266;PECHUGA POLLO GRANEL FAMILIA C/1;;;;;;;;;;
;23121148;PECHUGA POLLO GRANEL SELEC, KG;;;;;;;;;;
;00107383;ALAS DE POLLO GRANEL;;;;;;;;;;
;21766456;ALAS POLLO GRANEL FAMILIA C/5 KG;;;;;;;;;;
;23121247;ALAS POLLO GRANEL SELEC, KG;;;;;;;;;;
;23401177;FILETE PECHUGA POLLO;;;;;;;;;;
;04374849;JAMONCITOS POLLO GRANEL;;;;;;;;;;
;04374864;1/4 TRASEROS POLLO GRANEL;;;;;;;;;;
;15767254;JAMONCITOS POLLO GRANEL C/5KGS;;;;;;;;;;
;18680272;TRASERO POLLO BLANCO GRANEL C/10;;;;;;;;;;
;21312285;TRASEROS POLLO PEQUEÑOS GRANEL;;;;;;;;;;
;23121189;TRASEROS POLLO GRANEL SELEC, KG;;;;;;;;;;
;23121197;JAMONCITOS POLLO GRANEL SELEC, K;;;;;;;;;;
;90064722;TRASEROS POLLO RIVADULLA C/10 KG;;;;;;;;;;
;00108209;PAVO LIMPIO,KG;;;;;;;;;;
;05849005;ESTOFADO PAVO GRANEL MAYTE;;;;;;;;;;
;19142298;MUSLOS DE PAVO AIA C/10 KILOS;;;;;;;;;;
;19233188;CHULETA PAVO AJILLO GRANEL C/3KG;;;;;;;;;;
;19233253;PECHUGA PAVO AJILLO BDJ/2,5KG;;;;;;;;;;
;20025078;JAMONCITO DE PAVO VACIO COREN;;;3,38 €;7%;06/08/2026;12/08/2026;Excel;;;
;20025094;PECHUGA DE PAVO VACIO;;;;;;;;;;
;20025151;SOLOMILLO PAVO VACIO COREN;;;;;;;;;;
;16717753;PAVO GRANEL 6-7,5 KGS;;;;;;;;;;
;17244534;COQUELET SAGRA C8 3600G;;;;;;;;;;
;20159661;PAVO LIMPIO MACHO 10-12 KILOS;;;;;;;;;;
;23401144;PERDIZ ROJA PELADA UD;;;;;;;;;;
;90001325;PICHON PELADO;;;;;;;;;;
;90001327;SOLOMILLO CIERVO.;;;;;;;;;;
;90050476;JAMÓN DE JABALÍ CON HUESO;;;;;;;;;;
;90051276;CORZO LOMO CON HUESO KG;;;;;;;;;;
;90060229;CIERVO JAMON SIN HUESO.;;;;;;;;;;
;90060230;CIERVO PALETILLA SIN HUESO;;;;;;;;;;
;90060233;JABALI JAMON SIN HUESO.;;;;;;;;;;
;90060309;LIEBRE PELADA, KG;;;;;;;;;;
;90060631;FAISAN HEMBRA PELADA, UNIDAD.;;;;;;;;;;
;90060645;PIERNA CIERVO CONG KG;;;;;;;;;;
;90060826;CINTA DE LOMO DE JABALI.;;;;;;;;;;
;00960112;LLANA-BRAZUELO;;;;;;;;;;
;01469113;CHULETERO VACA +30 KG;;;;;;;;;;
;02685329;BOLA TERNERA GALLEGA SUPREMA VAC;;;;;;;;;;
;02685345;FALDA VACIO TERNERA SUPREMA;;;;;;;;;;
;02827731;1/2 CANAL TERNERA GALLEGA VACIO;;;;;;;;;;
;02827772;1/2 CANAL TERNERA SUPREMA VACIO;;;;;;;;;;
;03310554;CENTRO DE FALDA TERNERA GALLEGA;;;;;;;;;;
;03310703;PISTOLA TERNERA GALLEGA;;;;;;;;;;
;03311016;1/2 CANAL TERNERA GALLEGA R;;;;;;;;;;
;04189403;SOLOMILLO AÑOJO 2,4 KG APROX;;;;;;;;;;
;04481628;1/2 CANAL TERNERA ROSADA;;;;;;;;;;
;04907564;SOLOMILLO VACA 2,5+,KG;;;;;;;;;;
;04907630;SOLOMILLO VACA ENV VACIO 2-2,4KG;;;;;;;;;;
;04907663;ZANCARRON AÑOJO GRANEL;;;;;;;;;;
;08722613;BOLA TERNERA GALLEGA;;;;;;;;;;
;08723652;LOMO TERNERA GALLEGA;;;;;;;;;;
;08723785;DELANTERO C/F TERNERA GALLEGA;;;;;;;;;;
;08723801;DELANTERO S/F TERNERA GALLEGA;;;;;;;;;;
;08723827;BOLA VACIO TERNERA GALLEGA;;;;;;;;;;
;08723967;LOMO TERNERA GALLEGA VACIO;;;;;;;;;;
;08724106;FALDA TERNERA GALLEGA VACIO;;;;;;;;;;
;08728339;DELANTERO TERNERA GALLEGA VACIO;;;;;;;;;;
;13681523;1/2 CANAL TERNERA ROSADA VACIO;;;;;;;;;;
;13681846;ENTRECOT (LOMO ALTO) VACA;;;;;;;;;;
;16106965;1/2 CANAL ROSADA R;;;;;;;;;;
;16602740;PISTOLA TERNERA ROSADA KG;;;;;;;;;;
;16612301;DELANTERO C/F TERN.ROSADA;;;;;;;;;;
;16843476;AGUJA C/HUESO TERNERA GALLEGA;;;;;;;;;;
;16843666;ESPALDA C/H TERNERA GALLEGA;;;;;;;;;;
;16923252;FALDA ENTERA TERNERA GALLEGA;;;;;;;;;;
;17393125;AGUJA VACIO TERNERA GALLEGA C/4;;;;;;;;;;
;17570508;SOLOMILLO TERNERA GALLEGA C/2;;;;;;;;;;
;18803114;REDONDO TERNERA GALLEGA C/6 UDS;;;;;;;;;;
;18803122;PICAÑA T.GALLEGA;;;;;;;;;;
;18803155;CULATA TERNERA GALLEGA C/6 UDS;;;;;;;;;;
;18806356;PEZ TERNERA GALLEGA;;;;;;;;;;
;18806364;LLANA T.GALLEGA;;;;;;;;;;
;19742618;LOMO ALTO TERNERA TG C/HUESO;;;;;;;;;;
;19743301;LLANA T.G.SUPREMA;;;;;;;;;;
;19743319;PEZ T.G.SUPREMA;;;;;;;;;;
;19743327;CENTRO ESPALDA TG SUPREMA VACIO;;;;;;;;;;
;19743335;MORCILLO DELANTERO TG SUPREMA VA;;;;;;;;;;
;19743343;MORCILLO TRASERO TG SUPREMA VACI;;;;;;;;;;
;19743350;AGUJA VACIO TERNERA SUPREMA C/4;;;;;;;;;;
;19998277;PISTOLA TERNERA GALLEGA SUP.;;;;;;;;;;
;20001939;BOLA TERNERA GALLEGA SUPREMA;;;;;;;;;;
;20001947;LOMO TERNERA GALLEGA SUPREMA;;;;;;;;;;
;20001954;DELANTERO C/F T.GALLEGA SUP.;;;;;;;;;;
;20001962;CENTRO DE FALDA T.G.SUPREMA;;;;;;;;;;
;20001970;FALDA C/H TERNERA G.SUPREMA;;;;;;;;;;
;20001996;DELANTERO S/F T.G.SUPREMA;;;;;;;;;;
;20002002;AGUJA C/HUESO T.G.SUPREMA;;;;;;;;;;
;20015343;ENTRECOT TERNERA GALLEGA SUPR.C/;;;;;;;;;;
;20890802;CORAZON AGUJA ANGUS VACIO M.VERG;;;;;;;;;;
;20890836;CENT. ESPALDILLA AÑOJO ANGUS C/4;;;;;;;;;;
;23399850;CROCA-CADERA VACA;;;;;;;;;;
;23419674;SOLOMILLO VACA ENV VACIO MENOS 2;;;;;;;;;;
;23419682;ENTRECOT VACA;;;;;;;;;;
;90019190;RABO DE TORO;;;;;;;;;;
;90020003;CROCA DE TORO;;;;;;;;;;
;90020185;CONTRA DE VACA AL VACIO C/3UDS;;;;;;;;;;
;90047726;CANAL TERNERA HALAL;;;;;;;;;;
;90062297;CHULETON DE TORO;;;;;;;;;;
;90073701;RAGOUT DE TORO;;;;;;;;;;
;90078535;LOMO ENTRECOT AL VACIO..;;;;;;;;;;
;90081508;CENTRO DE FALDA TORO;;;;;;;;;;
;90091708;SOLOMILLO DE TORO;;;;;;;;;;
;26378836;ENTRECOT LOMO BAJO VACA +7;;;;;;;;;;
;26519090;TACOS CERDO EXTRATIERNO EL POZO;;;;;;;;;;
;26378893;CARRILLERA ANGUS CONGELADA;;;;;;;;;;
;26380451;CADERA VACA SUMMUN MADURADA;;;;;;;;;;
;26380485;GRASA VACA SUMMUN;;;;;;;;;;
;26380394;PICANHA DE VACA AAA SUMMUN(VACA RUBIA GALLEGA O MESTIZA);;;;;;;;;;
;26380444;HUESO TUETANO;;;;;;;;;;
;26380386;ENTRECOT VACA SUMMUN (RUBIA GALLEGA, MESTIZA, FRISONA);;;;;;;;;;
;26380436;RABILLO DE CADERA DE VACA SUMMUN;;;;;;;;;;
;26380428;HAMBURGUESA DE VACA SUMMUN ARTESANA 4X110G ( Vaca Summun);;;;;;;;;;
;26380410;HABURGUESA VACA SUMUMN ARTESANA 4X200 GR (Vaca Summun);;;10,92 €;17%;06/08/2026;12/08/2026;Excel;;;
;26383562;PICADA VACA SUMMUN;;;;;;;;;;
;26380469;TAPA VACA MADURADA SUMMUN;;;;;;;;;;
;26380477;COSTILLAR 5 COSTILLAS SUMMUN;;;;;;;;;;
;26596387;CORDERO LECHAL CUARTOS CONGELADO;;;;;;;;;;
;26378851;ENTREC.PUNTO LOMO BAJO 2.5+ C/5;;;;;;;;;;
;26378810;LOMO VACA  +30K             (Raza Frisona);;;;;;;;;;
;26378828;LOMO VACA  +23K                (Raza Frisona);;;17,37 €;4%;06/08/2026;12/08/2026;Excel;;;
;26378802;LOMO VACA 8 COSTILLAS (Raza Frisona);;;20,79 €;10%;06/08/2026;12/08/2026;Excel;;;
;26766048;AGUJA TGS CARQUEIXA;;;;;;;;;;
;26766121;BABILLA TGS CARQUEIXA;;;;;;;;;;
;26766055;BOLA TGS CARQUEIXA;;;;;;;;;;
;26766196;BRAZUELO TGS CARQUEIXA;;;;;;;;;;
;26766089;CADERA TGS CARQUEIXA;;;;;;;;;;
;26766188;CENTRO ESPALDA TGS CARQUEIXA;;;;;;;;;;
;26766105;CONTRA TGS CARQUEIXA;;;;;;;;;;
;26766139;CULATA TGS CARQUEIXA;;;;;;;;;;
;26766063;ESPALDA TGS CARQUEIXA;;;;;;;;;;
;26766030;FALDA TGS CARQUEIXA;;;;;;;;;;
;26766204;JARRETE TGS CARQUEIXA;;;;;;;;;;
;26766170;LLANA TGS CARQUEIXA;;;;;;;;;;
;26766022;LOMO TGS CARQUEIXA;;;;;;;;;;
;26766147;OSOBUCO TGS CARQUEIXA;;;;;;;;;;
;26766162;PEZ TGS CARQUEIXA;;;;;;;;;;
;26766113;PICAÑA TGS CARQUEIXA;;;;;;;;;;
;26766097;REDONDO TGS CARQUEIXA;;;;;;;;;;
;26766071;TAPA TGS CARQUEIXA;;;;;;;;;;
;26766154;TAPILLA TGS CARQUEIXA;;;;;;;;;;
;26380402;CENTRO DE AGUJA DE VACA;;;;;;;;;;
;26606822;RAXO CERDO DUROC J.GONZÁLEZ C/4;;;;;;;;;;
;25412370;CHULETA LOMO IBERICA C/4;;;;;;;;;;
;26536045;BURGER MEAT VACUNO EROSKI 500G;;;;;;;;;;
;26536060;BURGER MEAT CERDO EROSKI 500G;;;;;;;;;;
;26536052;BURGER MEAT MIXTA EROSKI 500G;;;;;;;;;;
;26590380;CHORIZ DULCE J.GONZÁLEZ 270G C/2;;;;;;;;;;
;26590398;CHORIZ PICANTE J.GONZÁLEZ 270G C;;;;;;;;;;
;26355214;CROQUETA DE POLLO ELPOZO 180G C/;;;;;;;;;;
;26592352;RAXO CERDO J.GONZÁLEZ 400G C/12;;;;;;;;;;
;20134318;1/2 CACHOLA S/H BAJO SAL C/9;;;;;;;;;;
;26590356;TAQUITOS LACON J.GONZALEZ C/3;;;;;;;;;;
;26590364;TAQUITOS LACON J.GONZÁLEZ C/12;;;;;;;;;;
;26590372;TAQUITOS CHORIZO J.GONZÁLEZ C/3;;;;;;;;;;
;20990347;HAMBURGUESA VACUNO 300GR (2X150);;;;;;;;;;
;20990388;HAMBURGUESA MIXTA 300 GR (2X150);;;;;;;;;;
;03086659;CADERA T/G SUPREMA VITRINA;;;;;;;;;;
;21958350;FILETE TERNERA GALLEGA SUPRE K;;;;;;;;;;
;03086790;CHULETA T/G SUPREMA VITRINA;;;;;;;;;;
;04267977;ENTRECOT T/G SUPREMA VITRINA;;;;;;;;;;
;04267985;SOLOMILLO T/G SUPREMA VITRINA;;;;;;;;;;
;03086592;COSTILLA T/G SUPREMA VITRINA;;;;;;;;;;
;03086758;ESTOFADO T/G SUPREMA VITRINA;;;;;;;;;;
;04267969;ZANCARRON T/G SUPREMA VITRINA;;;;;;;;;;
;04966560;AGUJA C/HUESO T/SUPREMA VITRIN;;;;;;;;;;
;20172367;PEZ AÑOJO VACIO C/6;;;;;;;;;;
;26378877;PICANHA VACA AAA C/12;;;;;;;;;;
;26378885;PICANHA VACA AA C/12;;;;;;;;;;
;25412818;LOMO ADOBADO IBERICO C/1;;;;;;;;;;
;23886088;CORDERO LECHAL C/CAB.ASAD DE 7 A;;;;;;;;;;
;26899906;ZORZA DE LOMO APROX 2 KILOS(Precio Kilo);;;6,23 €;18%;06/08/2026;12/08/2026;Excel;;;
;26899914;ZORZA DE LOMO APROX 1 KILO;;;;;;;;;;
;26904060;HAMBURGUESA DE ZORZA;;;;;;;;;;
;26719286;HAMBURGUESA VACUNO 99% CASA VACAS 300 GR;;;;;;;;;;
;26370247;HAMBURGUESA VACUNO GOIKO 2X180GR;;;;;;;;;;
;26903278;CHORIZO CRIOLLO BANDEJA ATM BANDEJA 2 KILOS;;;;;;;;;;
;26903252;CHORIZO ROJO BANDEJA ATM 2 KILOS;;;6,24 €;17%;06/08/2026;12/08/2026;Excel;;;
;26903260;CHORIZO PINCHO BANDEJA ATM BANDEJA 2 KILOS;;;;;;;;;;
;26903302;CHORIZO CURADO 4 UNIDADES VACIO;;;;;;;;;;
;26899872;RAXO DE LOMO APROX 2 KILOS;;;;;;;;;;
;90071125;CHURRASCO VACUNO CONGELADO CORTADO;;;;;;;;;;
;26903294;PICADILLO DE CHORIZO BANDEJA DE ATM 2 KILO;;;;;;;;;;
;26903385;PINCHO ADOBADO CERDO( La Unidad pesa 80 gr, en bandeja de 15 unidades);;;7,02 €;18%;30/07/2026;12/08/2026;Excel;;;
;26903336;BROCHETA ADOBADA CERDO 400 GR;;;;;;;;;;
;26903328;BROCHETA ADOBADA CERDO ( La Unidad pesa 80 gr, en bandeja de 15 unidades);;;;;;;;;;
;26903344;BROCHETA ADOBADA CERDO ( La Unidad pesa 80 gr, en bandeja de 15 unidades);;;;;;;;;;
;26903369;PINCHO DE CERDO ( La Unidad pesa 80 gr, en bandeja de 15 unidades);;;;;;;;;;
;26903310;BROCHETA DE CERDO 400GRS C/6;;;;;;;;;;
;26903351;PINCHO DE CERDO 400 GRS;;;;;;;;;;
;26903377;PINCHO ADOBADO CERDO 400GRS C/6;;;;;;;;;;
;26780924;MORCILLA ASTURI.DUO CHICO 170G;;;;;;;;;;
;26903286;CHORIZO MALLA 5 UDS MALLA;;;;;;;;;;
;26780908;PREPARADO C/LACON CHICO 370G;;;;;;;;;;
;26780916;PANCETA ADOB.FILETE.CHICO 350G;;;;;;;;;;
;26780932;COMPANGO AST.C/ALUB.CHICO 450G;;;;;;;;;;
;26899898;RAXO DE LOMO  250G BANDEJA;;;;;;;;;;
;26899922;ZORZA DE LOMO 250G BANDEJA C/6;;;;;;;;;;
;26888370;HAMBURG VACUNO THE GREFG 2X120;;;;;;;;;;
;26780833;POLLO ENT BDJ PICA NO MILLO;;;;;;;;;;
;26780841;PECHUG ENT BDJ PICA NO MILLO;;;;;;;;;;
;26780858;FILETE PECHUGA PICA NO MILLO;;;;;;;;;;
;26780882;ALAS PART BDJ PICA NO MILLO;;;;;;;;;;
;26780866;TRASERO BDJ PICA NO MILLO;;;;;;;;;;
;26780890;CONTRMUSLO BDJ PICA NO MILLO;;;;;;;;;;
;26931394;(V) FILETE TERNERA CRQX TGS, K;;;;;;;;;;
;26931469;(V) ENTRECOT TERNERA CRQX S, K;;;;;;;;;;
;26931477;(V) SOLOMILLO TERNERA CRQX S,K;;;;;;;;;;
;26770446;LOMO ALTO T. GALLEGA SUPREMA K;;;;;;;;;;
;26770453;LOMO BAJO T. GALLEGA SUPREMA K;;;;;;;;;;
;26931428;(V)CHULETA DE TERNERA CRQX S,K;;;;;;;;;;
;26931360;(V) GUISAR TERNERA CRQX TGS, K;;;;;;;;;;
;26931386;(V) ASAR TERNERA CRQX TGS, K;;;;;;;;;;
;26931402;(V) FALDA TERNERA CRQX S, K;;;;;;;;;;
;26931410;(V) AGUJA TERNERA S/H CRQX S,K;;;;;;;;;;
;26931436;(V) TERNERA GASTRO CRQX S, K;;;;;;;;;;
;26931444;(V) FALDA TERNERA TIRAS CRQX,K;;;;;;;;;;
;26931451;(V) PECHO TERNERA CRQX S, K;;;;;;;;;;
;26378869;CADERA LIMPIA PAD 2.0+ C/6;;;;;;;;;;
;25647769;CHULETERO VACA 5 COSTILLAS VACIO;;;;;;;;;;
;26899880;RAXO DE LOMO APROX. 1K;;;;;;;;;;
;26770438;MAGRO VACUNO TIENDAS K;;;;;;;;;;
;26780825;POLLO ENT GRNL PICA NO MILLO;;;;;;;;;;
;26904052;MUSLOS DE POLLO K;;;;;;;;;;
;16682403;BOLA TERNERA ROSADA;;;;;;;;;;
;27032861;ENTRECOT WAGYU VACIO;;;;;;;;;;
;21737028;PLUMA DE CERDO CONGELADA;;;7,17 €;8%;04/08/2026;10/08/2026;Excel;;;
;27303965;LENGUA VACUNO CONGELADA(CAJA 20 KILOS);;;;;;;;;;
;27082668;CADERA TERNERA VACIO 6U/2,8KG;;;;;;;;;;
;27082650;CADERA AÑOJO VACIO 6U/3,5KG;;;;;;;;;;
;27084953;CADERA ANGUS GRASS CONGELADA C/1;;;;;;;;;;
;27084961;CADERA ANGUS PUL CONGELADA C/13K;;;;;;;;;;
;24943508;AGUJA SIN HUESO DE CERDO VACÍO 4;;;;;;;;;;
;24943821;FILETES AGUJA S/H CERDO VACIO 4U;;;;;;;;;;
;15116460;CHULETA DE AGUJA 4U/3,6KG;;;;;;;;;;
;20329520;ESCALOPIN LOMO EXTR ADOB. 6U/4,1;;;;;;;;;;
;27093764;ALBONDIGA CERDO FAMILIAR 6U/0,84;;;;;;;;;;
;27120443;ROTI POLLO CORRAL COREN 8U/0,750;;;;;;;;;;
;27120450;SUPREM PULARDA RELLENA COREN 8U/;;;;;;;;;;
;27296888;BUR.MEAT SMASH VACU.COREN 12U/0,;;;;;;;;;;
;26780874;JAMONCITO BDJ PICA NO MILLO  4-6;;;;;;;;;;
;27120468;PIERNA MARIN PAVO TRUF COREN 6U/;;;;;;;;;;
;00100040;RABOS DE CERDO 5U/7KG;;;;;;;;;;
;27103969;CORDERO LECHAL LIMPIO 1U/7,5KG;;;;;;;;;;
;24610677;CABRITO S/CAB. 4 MEDIOS VACIO KG;;;;;;;;;;
;24604241;GALLO JOVEN COREN 2U/7KG;;;;;;;;;;
;27087006;CODORNIZ GIGANTE ESPECIAL 8U/1,2;;;;;;;;;;
;27102359;1/2 CANAL TERNERA VACIO PROVEEDO;;;;;;;;;;
;22495352;CRIOLLO C/BACON EL CHICO 10U/3,8;;;;;;;;;;
;25655390;CRIOLLO COCKTAIL EL CHICO 12U/3,;;;;;;;;;;
;27197102;CHOR. ASTUR. VACIO EL CHICO 12U/;;;;;;;;;;
;22495303;CALLOS C/JAM VACIO CHICO 2U/5,62;;;;;;;;;;
;18680264;PECHUGA POLLO BLANCO GRANEL  C/1;;;;;;;;;;
;27371426;PICAÑA AÑOJO CONGELADA C/10KG;;;;;;;;;;
;27390673;COTE DE BOEUF WAGYU 1U/5KG;;;;;;;;;;
;27390681;PAÑO CHURRASCO AÑOJO 2U/13KG;;;;;;;;;;
;27397066;FIL.EXT.TER.MAR.XATA PUEBLU 6U/2;;;;;;;;;;
;27397074;ENTRE.TERN.MARI.XATA PUEBLU 6U/2;;;;;;;;;;
;27376649;FILETES AÑOJO SKIN 6U/2,80KG;;;;;;;;;;
;27376656;AÑOJO PICAÑA TROZO VACIO 6U/12KG;;;;;;;;;;
;27376664;SOLOMILLO AÑOJO SKIN 6U/1,62KG;;;;;;;;;;
;27376706;PICAÑA PRECORTADA SKIN 6U/6,72KG;;;;;;;;;;
;27376623;ENTRECOT AÑOJO TR.PRECORT 6U/6,6;;;;;;;;;;
;27376631;ENTRECOT AÑOJO SKIN 6U/2,80KG;;;;;;;;;;
;27376680;3 ENTRECOTS AÑOJO SKIN 6U/3,72KG;;;;;;;;;;
;27376672;AÑOJO TROZO ASAR VACIO 6U/12KG;;;;;;;;;;
;27376698;RABILLO SKIN 6U/6,72KG;;;;;;;;;;
;27184456;FILET CINT LOM ADO.DUROC VAC K 6;;;;;;;;;;
;27300847;CINTA LOMO 3TR DUROC V COREN 6U/;;;;;;;;;;
;27300813;CHULETA AGUJ.DUROC ATM COREN 6U/;;;;;;;;;;
;27300854;SOLOMILLOS MARINADOS COREN 4U/2,;;;;;;;;;;
;27300888;SOLO.DUROC MRND.ADOB V COREN 4U/;;;;;;;;;;
;27385459;MEDALLON SOLM.CERDO FIN. H. 6U/4;;;;;;;;;;
;27385442;COSTILLA CERDO TROCE.FRESCO 6U/3;;;;;;;;;;
;27300821;FILETE JAMÓN DUROC ATM COREN 6U/;;;;;;;;;;
;27439595;PALETA TROZO TERMOFORMADO 6U/10K;;;;;;;;;;
;27184431;LAGART CERD VACÍ REF SELECTA 6U/;;;;;;;;;;
;27300839;ESTOFADO CERDO DUROC COREN 6U/5K;;;;;;;;;;
;27385467;PANCETA FILETEADA EROSKI 6U/3,04;;;;;;;;;;
;27385434;SECRETO FILT CERDO FRESCO EROSKI;;;;;;;;;;
;27184449;TIRA COST.ADOB.DUROC VAC K 3U/1,;;;;;;;;;;
;26597294;CHULETAS CORDERO COVAP 6U/1,5KG;;;;;;;;;;
;26597302;CHULETAS PIERNA CORDERO 6U/1,56K;;;;;;;;;;
;27193796;SURTIDO CHULETAS CORD COVAP 6U/3;;;;;;;;;;
;27193812;1/2 CARRET FILET VACIO COVAP 6U/;;;;;;;;;;
;27193804;CALDERETA CORDERO MAP COVAP 6U/3;;;;;;;;;;
;27186808;ZORZA C.CELTA C.CASTELAO 4U/1KG;;;;;;;;;;
;27415231;POLLO ADOBADO CON VERDURAS 6U/3K;;;;;;;;;;
;27415256;ALAS POLLO ADOBADAS 6U/3KG;;;;;;;;;;
;26197285;FILETE LOMO CERDO EMPAN EROSKI 6;;;;;;;;;;
;26740704;SAN JACOBO CERDO EROSKI 6U/2,37K;;;;;;;;;;
;27100965;LIBRITO CERDO BAC/QUE ALDELIS 6U;;;;;;;;;;
;27380146;FILE.POLLO MRN.EMPA.ALDELIS 6U/2;;;;;;;;;;
;27396977;CACHO.JYQ EXTRA XATA PUEBLU 6U/1;;;;;;;;;;
;27396985;CACHOPINES XATA PUEBLU 6U/2,7KG;;;;;;;;;;
;27397058;CACHOP.JYQ BAND.XATA PUEBLU 6U/1;;;;;;;;;;
;27184464;BURG.MADU.DRY AGE SELECTA 6U/0,1;;;;;;;;;;
;27186782;BUR.C.CELTA CAST.CASTELAO 4U/1KG;;;;;;;;;;
;27186790;BUR.C.CELTA BARB.CASTELAO 4U/1KG;;;;;;;;;;
;21970884;ALBÓNDIGA DE POLLO EROSKI 6U/0,4;;;;;;;;;;
;27415249;FILETE PECHUGA EXTRATIERNA 6U/3K;;;;;;;;;;
;27386200;MUSLO POLLO DESHUESA.C/PIEL 16U/;;;;;;;;;;
;27386218;CONTRA POLLO DESHUES.S/PIEL 6U/0;;;;;;;;;;
;27386192;MEDIO POLLO TROCEADO 12U/1KG;;;;;;;;;;
;27396506;PATAS POLLO S/PIEL BD ATM 12U/0,;;;;;;;;;;
;27386226;MOLLEJAS POLLO 24U/0,388KG;;;;;;;;;;
;27197094;CHOR. PIC. RISTRA MATACHANA 5U/1;;;;;;;;;;
;27397082;CACH.JYQ GRANEL XATA PUEBLU 10U/;;;;;;;;;;
;19114339;JAMONCITOS POLLO BLANCO GRANEL 4;;;;;;;;;;
;27335819;CODORNIZ NORMAL GRN 10U/1,20KG;;;;;;;;;;
;27006964;TIRA COSTILLA CERDO AL VACIO 6U/;;;;;;;;;;
